2026-05-16 16:37:09,809 Worker 355a2873f4d64a0c95b8f29fca7496a8: started with PID 41518, version 2.6.1
2026-05-16 16:37:09,815 Worker 355a2873f4d64a0c95b8f29fca7496a8: subscribing to channel rq:pubsub:355a2873f4d64a0c95b8f29fca7496a8
2026-05-16 16:37:09,854 *** Listening on workspaces-ERPnext-frappe-bench:short, workspaces-ERPnext-frappe-bench:default, workspaces-ERPnext-frappe-bench:long...
2026-05-16 16:37:09,868 Worker 355a2873f4d64a0c95b8f29fca7496a8: cleaning registries for queue: workspaces-ERPnext-frappe-bench:short
2026-05-16 16:37:09,890 Worker 355a2873f4d64a0c95b8f29fca7496a8: cleaning registries for queue: workspaces-ERPnext-frappe-bench:default
2026-05-16 16:37:09,917 Worker 355a2873f4d64a0c95b8f29fca7496a8: cleaning registries for queue: workspaces-ERPnext-frappe-bench:long
2026-05-16 16:37:09,951 workspaces-ERPnext-frappe-bench:default: frappe.utils.background_jobs.execute_job(event=None, is_async=True, job_name='frappe.model.delete_doc.delete_dynamic_links', kwargs={'doctype': 'Property Setter', 'name': 'Sales Order-tax_id-hidden'}, method='frappe.model.delete_doc.delete_dynamic_links', site='business.localhost', user='Administrator') (business.localhost||6f7277f7-8996-4cb8-b46a-1f66e345a496)
2026-05-16 16:37:10,253 Successfully completed frappe.utils.background_jobs.execute_job(event=None, is_async=True, job_name='frappe.model.delete_doc.delete_dynamic_links', kwargs={'doctype': 'Property Setter', 'name': 'Sales Order-tax_id-hidden'}, method='frappe.model.delete_doc.delete_dynamic_links', site='business.localhost', user='Administrator') job in 0:00:00.246027s on worker 355a2873f4d64a0c95b8f29fca7496a8
2026-05-16 16:37:10,254 workspaces-ERPnext-frappe-bench:default: Job OK (business.localhost||6f7277f7-8996-4cb8-b46a-1f66e345a496)
2026-05-16 16:37:10,254 Result is kept for 600 seconds
2026-05-16 16:37:10,275 workspaces-ERPnext-frappe-bench:default: frappe.utils.background_jobs.execute_job(event=None, is_async=True, job_name='frappe.model.delete_doc.delete_dynamic_links', kwargs={'doctype': 'Property Setter', 'name': 'Sales Order-tax_id-print_hide'}, method='frappe.model.delete_doc.delete_dynamic_links', site='business.localhost', user='Administrator') (business.localhost||69e0ff76-1f73-4d3f-92ea-8f09a610fdb8)
2026-05-16 16:37:10,403 Successfully completed frappe.utils.background_jobs.execute_job(event=None, is_async=True, job_name='frappe.model.delete_doc.delete_dynamic_links', kwargs={'doctype': 'Property Setter', 'name': 'Sales Order-tax_id-print_hide'}, method='frappe.model.delete_doc.delete_dynamic_links', site='business.localhost', user='Administrator') job in 0:00:00.110126s on worker 355a2873f4d64a0c95b8f29fca7496a8
2026-05-16 16:37:10,403 workspaces-ERPnext-frappe-bench:default: Job OK (business.localhost||69e0ff76-1f73-4d3f-92ea-8f09a610fdb8)
2026-05-16 16:37:10,403 Result is kept for 600 seconds
2026-05-16 16:37:10,423 workspaces-ERPnext-frappe-bench:default: frappe.utils.background_jobs.execute_job(event=None, is_async=True, job_name='frappe.model.delete_doc.delete_dynamic_links', kwargs={'doctype': 'Property Setter', 'name': 'Sales Invoice-tax_id-hidden'}, method='frappe.model.delete_doc.delete_dynamic_links', site='business.localhost', user='Administrator') (business.localhost||3a7c831e-6662-487f-98df-4bde17df1f55)
2026-05-16 16:37:10,529 Successfully completed frappe.utils.background_jobs.execute_job(event=None, is_async=True, job_name='frappe.model.delete_doc.delete_dynamic_links', kwargs={'doctype': 'Property Setter', 'name': 'Sales Invoice-tax_id-hidden'}, method='frappe.model.delete_doc.delete_dynamic_links', site='business.localhost', user='Administrator') job in 0:00:00.085406s on worker 355a2873f4d64a0c95b8f29fca7496a8
2026-05-16 16:37:10,529 workspaces-ERPnext-frappe-bench:default: Job OK (business.localhost||3a7c831e-6662-487f-98df-4bde17df1f55)
2026-05-16 16:37:10,530 Result is kept for 600 seconds
2026-05-16 16:37:10,539 workspaces-ERPnext-frappe-bench:default: frappe.utils.background_jobs.execute_job(event=None, is_async=True, job_name='frappe.model.delete_doc.delete_dynamic_links', kwargs={'doctype': 'Property Setter', 'name': 'Sales Invoice-tax_id-print_hide'}, method='frappe.model.delete_doc.delete_dynamic_links', site='business.localhost', user='Administrator') (business.localhost||6d227b89-0b53-4523-8dcc-cce299747dc9)
2026-05-16 16:37:10,851 Successfully completed frappe.utils.background_jobs.execute_job(event=None, is_async=True, job_name='frappe.model.delete_doc.delete_dynamic_links', kwargs={'doctype': 'Property Setter', 'name': 'Sales Invoice-tax_id-print_hide'}, method='frappe.model.delete_doc.delete_dynamic_links', site='business.localhost', user='Administrator') job in 0:00:00.233052s on worker 355a2873f4d64a0c95b8f29fca7496a8
2026-05-16 16:37:10,852 workspaces-ERPnext-frappe-bench:default: Job OK (business.localhost||6d227b89-0b53-4523-8dcc-cce299747dc9)
2026-05-16 16:37:10,852 Result is kept for 600 seconds
2026-05-16 16:37:10,865 workspaces-ERPnext-frappe-bench:default: frappe.utils.background_jobs.execute_job(event=None, is_async=True, job_name='frappe.model.delete_doc.delete_dynamic_links', kwargs={'doctype': 'Property Setter', 'name': 'Delivery Note-tax_id-hidden'}, method='frappe.model.delete_doc.delete_dynamic_links', site='business.localhost', user='Administrator') (business.localhost||1b274b01-4ac6-4e97-b759-0074d8a6652d)
2026-05-16 16:37:11,017 Successfully completed frappe.utils.background_jobs.execute_job(event=None, is_async=True, job_name='frappe.model.delete_doc.delete_dynamic_links', kwargs={'doctype': 'Property Setter', 'name': 'Delivery Note-tax_id-hidden'}, method='frappe.model.delete_doc.delete_dynamic_links', site='business.localhost', user='Administrator') job in 0:00:00.141009s on worker 355a2873f4d64a0c95b8f29fca7496a8
2026-05-16 16:37:11,018 workspaces-ERPnext-frappe-bench:default: Job OK (business.localhost||1b274b01-4ac6-4e97-b759-0074d8a6652d)
2026-05-16 16:37:11,018 Result is kept for 600 seconds
2026-05-16 16:37:11,035 workspaces-ERPnext-frappe-bench:default: frappe.utils.background_jobs.execute_job(event=None, is_async=True, job_name='frappe.model.delete_doc.delete_dynamic_links', kwargs={'doctype': 'Property Setter', 'name': 'Delivery Note-tax_id-print_hide'}, method='frappe.model.delete_doc.delete_dynamic_links', site='business.localhost', user='Administrator') (business.localhost||5fe5cfc6-fef7-4a6b-9674-3778a560c265)
2026-05-16 16:37:11,161 Successfully completed frappe.utils.background_jobs.execute_job(event=None, is_async=True, job_name='frappe.model.delete_doc.delete_dynamic_links', kwargs={'doctype': 'Property Setter', 'name': 'Delivery Note-tax_id-print_hide'}, method='frappe.model.delete_doc.delete_dynamic_links', site='business.localhost', user='Administrator') job in 0:00:00.098651s on worker 355a2873f4d64a0c95b8f29fca7496a8
2026-05-16 16:37:11,173 workspaces-ERPnext-frappe-bench:default: Job OK (business.localhost||5fe5cfc6-fef7-4a6b-9674-3778a560c265)
2026-05-16 16:37:11,175 Result is kept for 600 seconds
2026-05-16 16:37:11,278 workspaces-ERPnext-frappe-bench:default: frappe.utils.background_jobs.execute_job(event=None, is_async=True, job_name='frappe.model.delete_doc.delete_dynamic_links', kwargs={'doctype': 'Property Setter', 'name': 'Packed Item-rate-read_only'}, method='frappe.model.delete_doc.delete_dynamic_links', site='business.localhost', user='Administrator') (business.localhost||b4a6bbab-2889-45b1-adac-349b1b862488)
2026-05-16 16:37:11,489 Successfully completed frappe.utils.background_jobs.execute_job(event=None, is_async=True, job_name='frappe.model.delete_doc.delete_dynamic_links', kwargs={'doctype': 'Property Setter', 'name': 'Packed Item-rate-read_only'}, method='frappe.model.delete_doc.delete_dynamic_links', site='business.localhost', user='Administrator') job in 0:00:00.152342s on worker 355a2873f4d64a0c95b8f29fca7496a8
2026-05-16 16:37:11,493 workspaces-ERPnext-frappe-bench:default: Job OK (business.localhost||b4a6bbab-2889-45b1-adac-349b1b862488)
2026-05-16 16:37:11,494 Result is kept for 600 seconds
2026-05-16 16:37:11,521 workspaces-ERPnext-frappe-bench:default: frappe.utils.background_jobs.execute_job(event=None, is_async=True, job_name='frappe.model.delete_doc.delete_dynamic_links', kwargs={'doctype': 'Property Setter', 'name': 'Sales Invoice Item-discount_account..., method='frappe.model.delete_doc.delete_dynamic_links', site='business.localhost', user='Administrator') (business.localhost||30496cbf-c55a-4dc4-8956-c3ad2722408f)
2026-05-16 16:37:11,652 Successfully completed frappe.utils.background_jobs.execute_job(event=None, is_async=True, job_name='frappe.model.delete_doc.delete_dynamic_links', kwargs={'doctype': 'Property Setter', 'name': 'Sales Invoice Item-discount_account..., method='frappe.model.delete_doc.delete_dynamic_links', site='business.localhost', user='Administrator') job in 0:00:00.090368s on worker 355a2873f4d64a0c95b8f29fca7496a8
2026-05-16 16:37:11,652 workspaces-ERPnext-frappe-bench:default: Job OK (business.localhost||30496cbf-c55a-4dc4-8956-c3ad2722408f)
2026-05-16 16:37:11,653 Result is kept for 600 seconds
2026-05-16 16:37:11,690 workspaces-ERPnext-frappe-bench:default: frappe.utils.background_jobs.execute_job(event=None, is_async=True, job_name='frappe.model.delete_doc.delete_dynamic_links', kwargs={'doctype': 'Property Setter', 'name': 'Sales Invoice Item-discount_account..., method='frappe.model.delete_doc.delete_dynamic_links', site='business.localhost', user='Administrator') (business.localhost||bff1feb7-30f0-4d07-a014-058b0d3fb2ed)
2026-05-16 16:37:12,899 Successfully completed frappe.utils.background_jobs.execute_job(event=None, is_async=True, job_name='frappe.model.delete_doc.delete_dynamic_links', kwargs={'doctype': 'Property Setter', 'name': 'Sales Invoice Item-discount_account..., method='frappe.model.delete_doc.delete_dynamic_links', site='business.localhost', user='Administrator') job in 0:00:01.140604s on worker 355a2873f4d64a0c95b8f29fca7496a8
2026-05-16 16:37:12,901 workspaces-ERPnext-frappe-bench:default: Job OK (business.localhost||bff1feb7-30f0-4d07-a014-058b0d3fb2ed)
2026-05-16 16:37:12,901 Result is kept for 600 seconds
2026-05-16 16:37:12,956 workspaces-ERPnext-frappe-bench:default: frappe.utils.background_jobs.execute_job(event=None, is_async=True, job_name='frappe.model.delete_doc.delete_dynamic_links', kwargs={'doctype': 'Property Setter', 'name': 'Sales Invoice-additional_discount_a..., method='frappe.model.delete_doc.delete_dynamic_links', site='business.localhost', user='Administrator') (business.localhost||3c916b87-732a-41cc-be41-5aaf4fde70d2)
2026-05-16 16:37:13,073 Successfully completed frappe.utils.background_jobs.execute_job(event=None, is_async=True, job_name='frappe.model.delete_doc.delete_dynamic_links', kwargs={'doctype': 'Property Setter', 'name': 'Sales Invoice-additional_discount_a..., method='frappe.model.delete_doc.delete_dynamic_links', site='business.localhost', user='Administrator') job in 0:00:00.103775s on worker 355a2873f4d64a0c95b8f29fca7496a8
2026-05-16 16:37:13,074 workspaces-ERPnext-frappe-bench:default: Job OK (business.localhost||3c916b87-732a-41cc-be41-5aaf4fde70d2)
2026-05-16 16:37:13,074 Result is kept for 600 seconds
2026-05-16 16:37:13,088 workspaces-ERPnext-frappe-bench:default: frappe.utils.background_jobs.execute_job(event=None, is_async=True, job_name='frappe.model.delete_doc.delete_dynamic_links', kwargs={'doctype': 'Property Setter', 'name': 'Sales Invoice-additional_discount_a..., method='frappe.model.delete_doc.delete_dynamic_links', site='business.localhost', user='Administrator') (business.localhost||37e1461c-e33d-45c1-88ab-50941c1f88a1)
2026-05-16 16:37:13,377 Successfully completed frappe.utils.background_jobs.execute_job(event=None, is_async=True, job_name='frappe.model.delete_doc.delete_dynamic_links', kwargs={'doctype': 'Property Setter', 'name': 'Sales Invoice-additional_discount_a..., method='frappe.model.delete_doc.delete_dynamic_links', site='business.localhost', user='Administrator') job in 0:00:00.266051s on worker 355a2873f4d64a0c95b8f29fca7496a8
2026-05-16 16:37:13,377 workspaces-ERPnext-frappe-bench:default: Job OK (business.localhost||37e1461c-e33d-45c1-88ab-50941c1f88a1)
2026-05-16 16:37:13,377 Result is kept for 600 seconds
2026-05-16 16:40:49,633 Worker 355a2873f4d64a0c95b8f29fca7496a8 [PID 41518]: warm shut down requested
2026-05-16 16:40:49,645 Worker 355a2873f4d64a0c95b8f29fca7496a8: unsubscribing from channel rq:pubsub:355a2873f4d64a0c95b8f29fca7496a8
2026-05-16 16:41:04,900 Worker 378e759f5de2455bb47fc2c57f8ad3e6: started with PID 47554, version 2.6.1
2026-05-16 16:41:04,900 Worker 378e759f5de2455bb47fc2c57f8ad3e6: subscribing to channel rq:pubsub:378e759f5de2455bb47fc2c57f8ad3e6
2026-05-16 16:41:04,922 *** Listening on workspaces-ERPnext-frappe-bench:short, workspaces-ERPnext-frappe-bench:default, workspaces-ERPnext-frappe-bench:long...
2026-05-16 16:41:04,959 Worker 378e759f5de2455bb47fc2c57f8ad3e6: cleaning registries for queue: workspaces-ERPnext-frappe-bench:short
2026-05-16 16:41:05,006 Worker 378e759f5de2455bb47fc2c57f8ad3e6: cleaning registries for queue: workspaces-ERPnext-frappe-bench:default
2026-05-16 16:41:05,043 Worker 378e759f5de2455bb47fc2c57f8ad3e6: cleaning registries for queue: workspaces-ERPnext-frappe-bench:long
2026-05-16 16:46:29,297 Worker 378e759f5de2455bb47fc2c57f8ad3e6 [PID 47554]: warm shut down requested
2026-05-16 16:46:29,328 Worker 378e759f5de2455bb47fc2c57f8ad3e6: unsubscribing from channel rq:pubsub:378e759f5de2455bb47fc2c57f8ad3e6
2026-05-16 16:47:55,827 Worker 7a88edaa7fe84359ad70fbfe8f1db40f: started with PID 58858, version 2.6.1
2026-05-16 16:47:55,835 Worker 7a88edaa7fe84359ad70fbfe8f1db40f: subscribing to channel rq:pubsub:7a88edaa7fe84359ad70fbfe8f1db40f
2026-05-16 16:47:55,838 *** Listening on workspaces-ERPnext-frappe-bench:short, workspaces-ERPnext-frappe-bench:default, workspaces-ERPnext-frappe-bench:long...
2026-05-16 16:47:55,845 Worker 7a88edaa7fe84359ad70fbfe8f1db40f: cleaning registries for queue: workspaces-ERPnext-frappe-bench:short
2026-05-16 16:47:55,859 Worker 7a88edaa7fe84359ad70fbfe8f1db40f: cleaning registries for queue: workspaces-ERPnext-frappe-bench:default
2026-05-16 16:47:55,873 Worker 7a88edaa7fe84359ad70fbfe8f1db40f: cleaning registries for queue: workspaces-ERPnext-frappe-bench:long
2026-05-16 16:50:13,284 workspaces-ERPnext-frappe-bench:default: frappe.utils.background_jobs.execute_job(event=None, is_async=True, job_name='frappe.core.doctype.user.user.create_contact', kwargs={'user': <User: doctype=User aliwaweru1226@gmail.com>, 'ignore_mandatory': ..., method='frappe.core.doctype.user.user.create_contact', site='business.localhost', user='Administrator') (business.localhost||2166f579-fc49-4d7c-9f44-42ba7f122c7a)
2026-05-16 16:50:15,435 Successfully completed frappe.utils.background_jobs.execute_job(event=None, is_async=True, job_name='frappe.core.doctype.user.user.create_contact', kwargs={'user': <User: doctype=User aliwaweru1226@gmail.com>, 'ignore_mandatory': ..., method='frappe.core.doctype.user.user.create_contact', site='business.localhost', user='Administrator') job in 0:00:02.030304s on worker 7a88edaa7fe84359ad70fbfe8f1db40f
2026-05-16 16:50:15,436 workspaces-ERPnext-frappe-bench:default: Job OK (business.localhost||2166f579-fc49-4d7c-9f44-42ba7f122c7a)
2026-05-16 16:50:15,436 Result is kept for 600 seconds
2026-05-16 16:50:15,457 workspaces-ERPnext-frappe-bench:default: frappe.utils.background_jobs.execute_job(event=None, is_async=True, job_name='frappe.core.doctype.user.user.update_gravatar', kwargs={'name': 'aliwaweru1226@gmail.com'}, method='frappe.core.doctype.user.user.update_gravatar', site='business.localhost', user='Administrator') (business.localhost||4692a2c9-51a4-48fa-b999-26c0216831e2)
2026-05-16 16:50:15,596 Successfully completed frappe.utils.background_jobs.execute_job(event=None, is_async=True, job_name='frappe.core.doctype.user.user.update_gravatar', kwargs={'name': 'aliwaweru1226@gmail.com'}, method='frappe.core.doctype.user.user.update_gravatar', site='business.localhost', user='Administrator') job in 0:00:00.129526s on worker 7a88edaa7fe84359ad70fbfe8f1db40f
2026-05-16 16:50:15,596 workspaces-ERPnext-frappe-bench:default: Job OK (business.localhost||4692a2c9-51a4-48fa-b999-26c0216831e2)
2026-05-16 16:50:15,596 Result is kept for 600 seconds
2026-05-16 16:50:15,605 workspaces-ERPnext-frappe-bench:default: frappe.utils.background_jobs.execute_job(event=None, is_async=True, job_name='frappe.model.delete_doc.delete_dynamic_links', kwargs={'doctype': 'Property Setter', 'name': 'Customer-naming_series-reqd'}, method='frappe.model.delete_doc.delete_dynamic_links', site='business.localhost', user='Administrator') (business.localhost||609cb773-b213-4b68-a14a-16427b147e7c)
2026-05-16 16:50:15,754 Successfully completed frappe.utils.background_jobs.execute_job(event=None, is_async=True, job_name='frappe.model.delete_doc.delete_dynamic_links', kwargs={'doctype': 'Property Setter', 'name': 'Customer-naming_series-reqd'}, method='frappe.model.delete_doc.delete_dynamic_links', site='business.localhost', user='Administrator') job in 0:00:00.141300s on worker 7a88edaa7fe84359ad70fbfe8f1db40f
2026-05-16 16:50:15,754 workspaces-ERPnext-frappe-bench:default: Job OK (business.localhost||609cb773-b213-4b68-a14a-16427b147e7c)
2026-05-16 16:50:15,755 Result is kept for 600 seconds
2026-05-16 16:50:15,764 workspaces-ERPnext-frappe-bench:default: frappe.utils.background_jobs.execute_job(event=None, is_async=True, job_name='frappe.model.delete_doc.delete_dynamic_links', kwargs={'doctype': 'Property Setter', 'name': 'Customer-naming_series-hidden'}, method='frappe.model.delete_doc.delete_dynamic_links', site='business.localhost', user='Administrator') (business.localhost||a4fecbbf-62fc-42fe-8c8d-465f05bdf660)
2026-05-16 16:50:15,839 Successfully completed frappe.utils.background_jobs.execute_job(event=None, is_async=True, job_name='frappe.model.delete_doc.delete_dynamic_links', kwargs={'doctype': 'Property Setter', 'name': 'Customer-naming_series-hidden'}, method='frappe.model.delete_doc.delete_dynamic_links', site='business.localhost', user='Administrator') job in 0:00:00.063101s on worker 7a88edaa7fe84359ad70fbfe8f1db40f
2026-05-16 16:50:15,839 workspaces-ERPnext-frappe-bench:default: Job OK (business.localhost||a4fecbbf-62fc-42fe-8c8d-465f05bdf660)
2026-05-16 16:50:15,839 Result is kept for 600 seconds
2026-05-16 16:50:15,850 workspaces-ERPnext-frappe-bench:default: frappe.utils.background_jobs.execute_job(event=None, is_async=True, job_name='frappe.model.delete_doc.delete_dynamic_links', kwargs={'doctype': 'Property Setter', 'name': 'Sales Order-tax_id-hidden'}, method='frappe.model.delete_doc.delete_dynamic_links', site='business.localhost', user='Administrator') (business.localhost||24a47336-5cec-43cd-8f6f-1c35db65259d)
2026-05-16 16:50:15,922 Successfully completed frappe.utils.background_jobs.execute_job(event=None, is_async=True, job_name='frappe.model.delete_doc.delete_dynamic_links', kwargs={'doctype': 'Property Setter', 'name': 'Sales Order-tax_id-hidden'}, method='frappe.model.delete_doc.delete_dynamic_links', site='business.localhost', user='Administrator') job in 0:00:00.063527s on worker 7a88edaa7fe84359ad70fbfe8f1db40f
2026-05-16 16:50:15,923 workspaces-ERPnext-frappe-bench:default: Job OK (business.localhost||24a47336-5cec-43cd-8f6f-1c35db65259d)
2026-05-16 16:50:15,923 Result is kept for 600 seconds
2026-05-16 16:50:15,932 workspaces-ERPnext-frappe-bench:default: frappe.utils.background_jobs.execute_job(event=None, is_async=True, job_name='frappe.model.delete_doc.delete_dynamic_links', kwargs={'doctype': 'Property Setter', 'name': 'Sales Order-tax_id-print_hide'}, method='frappe.model.delete_doc.delete_dynamic_links', site='business.localhost', user='Administrator') (business.localhost||4aec6977-6a0c-420d-97d9-354baed59533)
2026-05-16 16:50:16,006 Successfully completed frappe.utils.background_jobs.execute_job(event=None, is_async=True, job_name='frappe.model.delete_doc.delete_dynamic_links', kwargs={'doctype': 'Property Setter', 'name': 'Sales Order-tax_id-print_hide'}, method='frappe.model.delete_doc.delete_dynamic_links', site='business.localhost', user='Administrator') job in 0:00:00.064597s on worker 7a88edaa7fe84359ad70fbfe8f1db40f
2026-05-16 16:50:16,006 workspaces-ERPnext-frappe-bench:default: Job OK (business.localhost||4aec6977-6a0c-420d-97d9-354baed59533)
2026-05-16 16:50:16,007 Result is kept for 600 seconds
2026-05-16 16:50:16,016 workspaces-ERPnext-frappe-bench:default: frappe.utils.background_jobs.execute_job(event=None, is_async=True, job_name='frappe.model.delete_doc.delete_dynamic_links', kwargs={'doctype': 'Property Setter', 'name': 'Sales Invoice-tax_id-hidden'}, method='frappe.model.delete_doc.delete_dynamic_links', site='business.localhost', user='Administrator') (business.localhost||0592387b-059e-473b-8882-fa890b81ddb5)
2026-05-16 16:50:16,160 Successfully completed frappe.utils.background_jobs.execute_job(event=None, is_async=True, job_name='frappe.model.delete_doc.delete_dynamic_links', kwargs={'doctype': 'Property Setter', 'name': 'Sales Invoice-tax_id-hidden'}, method='frappe.model.delete_doc.delete_dynamic_links', site='business.localhost', user='Administrator') job in 0:00:00.135757s on worker 7a88edaa7fe84359ad70fbfe8f1db40f
2026-05-16 16:50:16,160 workspaces-ERPnext-frappe-bench:default: Job OK (business.localhost||0592387b-059e-473b-8882-fa890b81ddb5)
2026-05-16 16:50:16,160 Result is kept for 600 seconds
2026-05-16 16:50:16,187 workspaces-ERPnext-frappe-bench:default: frappe.utils.background_jobs.execute_job(event=None, is_async=True, job_name='frappe.model.delete_doc.delete_dynamic_links', kwargs={'doctype': 'Property Setter', 'name': 'Sales Invoice-tax_id-print_hide'}, method='frappe.model.delete_doc.delete_dynamic_links', site='business.localhost', user='Administrator') (business.localhost||58050f6f-8386-49e3-984e-80dd08d07091)
2026-05-16 16:50:16,262 Successfully completed frappe.utils.background_jobs.execute_job(event=None, is_async=True, job_name='frappe.model.delete_doc.delete_dynamic_links', kwargs={'doctype': 'Property Setter', 'name': 'Sales Invoice-tax_id-print_hide'}, method='frappe.model.delete_doc.delete_dynamic_links', site='business.localhost', user='Administrator') job in 0:00:00.064342s on worker 7a88edaa7fe84359ad70fbfe8f1db40f
2026-05-16 16:50:16,262 workspaces-ERPnext-frappe-bench:default: Job OK (business.localhost||58050f6f-8386-49e3-984e-80dd08d07091)
2026-05-16 16:50:16,262 Result is kept for 600 seconds
2026-05-16 16:50:16,272 workspaces-ERPnext-frappe-bench:default: frappe.utils.background_jobs.execute_job(event=None, is_async=True, job_name='frappe.model.delete_doc.delete_dynamic_links', kwargs={'doctype': 'Property Setter', 'name': 'Delivery Note-tax_id-hidden'}, method='frappe.model.delete_doc.delete_dynamic_links', site='business.localhost', user='Administrator') (business.localhost||40db2617-c850-4696-8494-1be1b9892712)
2026-05-16 16:50:16,351 Successfully completed frappe.utils.background_jobs.execute_job(event=None, is_async=True, job_name='frappe.model.delete_doc.delete_dynamic_links', kwargs={'doctype': 'Property Setter', 'name': 'Delivery Note-tax_id-hidden'}, method='frappe.model.delete_doc.delete_dynamic_links', site='business.localhost', user='Administrator') job in 0:00:00.070803s on worker 7a88edaa7fe84359ad70fbfe8f1db40f
2026-05-16 16:50:16,351 workspaces-ERPnext-frappe-bench:default: Job OK (business.localhost||40db2617-c850-4696-8494-1be1b9892712)
2026-05-16 16:50:16,351 Result is kept for 600 seconds
2026-05-16 16:50:16,357 workspaces-ERPnext-frappe-bench:default: frappe.utils.background_jobs.execute_job(event=None, is_async=True, job_name='frappe.model.delete_doc.delete_dynamic_links', kwargs={'doctype': 'Property Setter', 'name': 'Delivery Note-tax_id-print_hide'}, method='frappe.model.delete_doc.delete_dynamic_links', site='business.localhost', user='Administrator') (business.localhost||b1222467-2c15-4e7d-8438-9e27eb7a9e56)
2026-05-16 16:50:16,403 Successfully completed frappe.utils.background_jobs.execute_job(event=None, is_async=True, job_name='frappe.model.delete_doc.delete_dynamic_links', kwargs={'doctype': 'Property Setter', 'name': 'Delivery Note-tax_id-print_hide'}, method='frappe.model.delete_doc.delete_dynamic_links', site='business.localhost', user='Administrator') job in 0:00:00.040169s on worker 7a88edaa7fe84359ad70fbfe8f1db40f
2026-05-16 16:50:16,404 workspaces-ERPnext-frappe-bench:default: Job OK (business.localhost||b1222467-2c15-4e7d-8438-9e27eb7a9e56)
2026-05-16 16:50:16,404 Result is kept for 600 seconds
2026-05-16 16:50:16,410 workspaces-ERPnext-frappe-bench:default: frappe.utils.background_jobs.execute_job(event=None, is_async=True, job_name='frappe.model.delete_doc.delete_dynamic_links', kwargs={'doctype': 'Property Setter', 'name': 'Packed Item-rate-read_only'}, method='frappe.model.delete_doc.delete_dynamic_links', site='business.localhost', user='Administrator') (business.localhost||2c7f38cc-740b-42d0-a93c-1498b9566ffc)
2026-05-16 16:50:16,461 Successfully completed frappe.utils.background_jobs.execute_job(event=None, is_async=True, job_name='frappe.model.delete_doc.delete_dynamic_links', kwargs={'doctype': 'Property Setter', 'name': 'Packed Item-rate-read_only'}, method='frappe.model.delete_doc.delete_dynamic_links', site='business.localhost', user='Administrator') job in 0:00:00.044143s on worker 7a88edaa7fe84359ad70fbfe8f1db40f
2026-05-16 16:50:16,461 workspaces-ERPnext-frappe-bench:default: Job OK (business.localhost||2c7f38cc-740b-42d0-a93c-1498b9566ffc)
2026-05-16 16:50:16,461 Result is kept for 600 seconds
2026-05-16 16:50:16,467 workspaces-ERPnext-frappe-bench:default: frappe.utils.background_jobs.execute_job(event=None, is_async=True, job_name='frappe.model.delete_doc.delete_dynamic_links', kwargs={'doctype': 'Property Setter', 'name': 'Sales Invoice Item-discount_account..., method='frappe.model.delete_doc.delete_dynamic_links', site='business.localhost', user='Administrator') (business.localhost||0aa21ed9-e16b-4bdd-8bfe-c57e6b4df121)
2026-05-16 16:50:16,514 Successfully completed frappe.utils.background_jobs.execute_job(event=None, is_async=True, job_name='frappe.model.delete_doc.delete_dynamic_links', kwargs={'doctype': 'Property Setter', 'name': 'Sales Invoice Item-discount_account..., method='frappe.model.delete_doc.delete_dynamic_links', site='business.localhost', user='Administrator') job in 0:00:00.040494s on worker 7a88edaa7fe84359ad70fbfe8f1db40f
2026-05-16 16:50:16,514 workspaces-ERPnext-frappe-bench:default: Job OK (business.localhost||0aa21ed9-e16b-4bdd-8bfe-c57e6b4df121)
2026-05-16 16:50:16,514 Result is kept for 600 seconds
2026-05-16 16:50:16,520 workspaces-ERPnext-frappe-bench:default: frappe.utils.background_jobs.execute_job(event=None, is_async=True, job_name='frappe.model.delete_doc.delete_dynamic_links', kwargs={'doctype': 'Property Setter', 'name': 'Sales Invoice Item-discount_account..., method='frappe.model.delete_doc.delete_dynamic_links', site='business.localhost', user='Administrator') (business.localhost||262acef3-2f96-4005-ac97-e0c8803b235f)
2026-05-16 16:50:16,567 Successfully completed frappe.utils.background_jobs.execute_job(event=None, is_async=True, job_name='frappe.model.delete_doc.delete_dynamic_links', kwargs={'doctype': 'Property Setter', 'name': 'Sales Invoice Item-discount_account..., method='frappe.model.delete_doc.delete_dynamic_links', site='business.localhost', user='Administrator') job in 0:00:00.040437s on worker 7a88edaa7fe84359ad70fbfe8f1db40f
2026-05-16 16:50:16,567 workspaces-ERPnext-frappe-bench:default: Job OK (business.localhost||262acef3-2f96-4005-ac97-e0c8803b235f)
2026-05-16 16:50:16,567 Result is kept for 600 seconds
2026-05-16 16:50:16,573 workspaces-ERPnext-frappe-bench:default: frappe.utils.background_jobs.execute_job(event=None, is_async=True, job_name='frappe.model.delete_doc.delete_dynamic_links', kwargs={'doctype': 'Property Setter', 'name': 'Sales Invoice-additional_discount_a..., method='frappe.model.delete_doc.delete_dynamic_links', site='business.localhost', user='Administrator') (business.localhost||a7d7cfd9-07b4-4f6f-986c-980dd0088e2c)
2026-05-16 16:50:16,619 Successfully completed frappe.utils.background_jobs.execute_job(event=None, is_async=True, job_name='frappe.model.delete_doc.delete_dynamic_links', kwargs={'doctype': 'Property Setter', 'name': 'Sales Invoice-additional_discount_a..., method='frappe.model.delete_doc.delete_dynamic_links', site='business.localhost', user='Administrator') job in 0:00:00.039939s on worker 7a88edaa7fe84359ad70fbfe8f1db40f
2026-05-16 16:50:16,619 workspaces-ERPnext-frappe-bench:default: Job OK (business.localhost||a7d7cfd9-07b4-4f6f-986c-980dd0088e2c)
2026-05-16 16:50:16,619 Result is kept for 600 seconds
2026-05-16 16:50:16,625 workspaces-ERPnext-frappe-bench:default: frappe.utils.background_jobs.execute_job(event=None, is_async=True, job_name='frappe.model.delete_doc.delete_dynamic_links', kwargs={'doctype': 'Property Setter', 'name': 'Sales Invoice-additional_discount_a..., method='frappe.model.delete_doc.delete_dynamic_links', site='business.localhost', user='Administrator') (business.localhost||a309de0a-c9d0-4708-8749-c4dd975c82e4)
2026-05-16 16:50:16,671 Successfully completed frappe.utils.background_jobs.execute_job(event=None, is_async=True, job_name='frappe.model.delete_doc.delete_dynamic_links', kwargs={'doctype': 'Property Setter', 'name': 'Sales Invoice-additional_discount_a..., method='frappe.model.delete_doc.delete_dynamic_links', site='business.localhost', user='Administrator') job in 0:00:00.040130s on worker 7a88edaa7fe84359ad70fbfe8f1db40f
2026-05-16 16:50:16,671 workspaces-ERPnext-frappe-bench:default: Job OK (business.localhost||a309de0a-c9d0-4708-8749-c4dd975c82e4)
2026-05-16 16:50:16,671 Result is kept for 600 seconds
2026-05-16 16:50:16,677 workspaces-ERPnext-frappe-bench:default: frappe.utils.background_jobs.execute_job(event=None, is_async=True, job_name='frappe.model.delete_doc.delete_dynamic_links', kwargs={'doctype': 'Property Setter', 'name': 'Supplier-naming_series-reqd'}, method='frappe.model.delete_doc.delete_dynamic_links', site='business.localhost', user='Administrator') (business.localhost||453cde87-e6c0-4ade-a0eb-6ffbdd01e583)
2026-05-16 16:50:16,729 Successfully completed frappe.utils.background_jobs.execute_job(event=None, is_async=True, job_name='frappe.model.delete_doc.delete_dynamic_links', kwargs={'doctype': 'Property Setter', 'name': 'Supplier-naming_series-reqd'}, method='frappe.model.delete_doc.delete_dynamic_links', site='business.localhost', user='Administrator') job in 0:00:00.045817s on worker 7a88edaa7fe84359ad70fbfe8f1db40f
2026-05-16 16:50:16,729 workspaces-ERPnext-frappe-bench:default: Job OK (business.localhost||453cde87-e6c0-4ade-a0eb-6ffbdd01e583)
2026-05-16 16:50:16,729 Result is kept for 600 seconds
2026-05-16 16:50:16,738 workspaces-ERPnext-frappe-bench:default: frappe.utils.background_jobs.execute_job(event=None, is_async=True, job_name='frappe.model.delete_doc.delete_dynamic_links', kwargs={'doctype': 'Property Setter', 'name': 'Supplier-naming_series-hidden'}, method='frappe.model.delete_doc.delete_dynamic_links', site='business.localhost', user='Administrator') (business.localhost||9093bac6-de56-48bb-8e39-bc58bafd8d98)
2026-05-16 16:50:16,813 Successfully completed frappe.utils.background_jobs.execute_job(event=None, is_async=True, job_name='frappe.model.delete_doc.delete_dynamic_links', kwargs={'doctype': 'Property Setter', 'name': 'Supplier-naming_series-hidden'}, method='frappe.model.delete_doc.delete_dynamic_links', site='business.localhost', user='Administrator') job in 0:00:00.066602s on worker 7a88edaa7fe84359ad70fbfe8f1db40f
2026-05-16 16:50:16,813 workspaces-ERPnext-frappe-bench:default: Job OK (business.localhost||9093bac6-de56-48bb-8e39-bc58bafd8d98)
2026-05-16 16:50:16,813 Result is kept for 600 seconds
2026-05-16 16:50:16,821 workspaces-ERPnext-frappe-bench:default: frappe.utils.background_jobs.execute_job(event=None, is_async=True, job_name='frappe.model.delete_doc.delete_dynamic_links', kwargs={'doctype': 'Property Setter', 'name': 'Supplier-naming_series-reqd'}, method='frappe.model.delete_doc.delete_dynamic_links', site='business.localhost', user='Administrator') (business.localhost||d94f5470-eebe-481c-b0a4-5c21970d44dc)
2026-05-16 16:50:16,880 Successfully completed frappe.utils.background_jobs.execute_job(event=None, is_async=True, job_name='frappe.model.delete_doc.delete_dynamic_links', kwargs={'doctype': 'Property Setter', 'name': 'Supplier-naming_series-reqd'}, method='frappe.model.delete_doc.delete_dynamic_links', site='business.localhost', user='Administrator') job in 0:00:00.049106s on worker 7a88edaa7fe84359ad70fbfe8f1db40f
2026-05-16 16:50:16,880 workspaces-ERPnext-frappe-bench:default: Job OK (business.localhost||d94f5470-eebe-481c-b0a4-5c21970d44dc)
2026-05-16 16:50:16,880 Result is kept for 600 seconds
2026-05-16 16:50:16,886 workspaces-ERPnext-frappe-bench:default: frappe.utils.background_jobs.execute_job(event=None, is_async=True, job_name='frappe.model.delete_doc.delete_dynamic_links', kwargs={'doctype': 'Property Setter', 'name': 'Supplier-naming_series-hidden'}, method='frappe.model.delete_doc.delete_dynamic_links', site='business.localhost', user='Administrator') (business.localhost||d56bbb64-7d3a-4887-9d01-e461ba45535f)
2026-05-16 16:50:16,945 Successfully completed frappe.utils.background_jobs.execute_job(event=None, is_async=True, job_name='frappe.model.delete_doc.delete_dynamic_links', kwargs={'doctype': 'Property Setter', 'name': 'Supplier-naming_series-hidden'}, method='frappe.model.delete_doc.delete_dynamic_links', site='business.localhost', user='Administrator') job in 0:00:00.052049s on worker 7a88edaa7fe84359ad70fbfe8f1db40f
2026-05-16 16:50:16,946 workspaces-ERPnext-frappe-bench:default: Job OK (business.localhost||d56bbb64-7d3a-4887-9d01-e461ba45535f)
2026-05-16 16:50:16,946 Result is kept for 600 seconds
2026-05-16 16:50:16,958 workspaces-ERPnext-frappe-bench:default: frappe.utils.background_jobs.execute_job(event=None, is_async=True, job_name='frappe.model.delete_doc.delete_dynamic_links', kwargs={'doctype': 'Property Setter', 'name': 'Customer-naming_series-reqd'}, method='frappe.model.delete_doc.delete_dynamic_links', site='business.localhost', user='Administrator') (business.localhost||acc911ee-cc95-4994-939d-75bf9cad4663)
2026-05-16 16:50:17,007 Successfully completed frappe.utils.background_jobs.execute_job(event=None, is_async=True, job_name='frappe.model.delete_doc.delete_dynamic_links', kwargs={'doctype': 'Property Setter', 'name': 'Customer-naming_series-reqd'}, method='frappe.model.delete_doc.delete_dynamic_links', site='business.localhost', user='Administrator') job in 0:00:00.040390s on worker 7a88edaa7fe84359ad70fbfe8f1db40f
2026-05-16 16:50:17,007 workspaces-ERPnext-frappe-bench:default: Job OK (business.localhost||acc911ee-cc95-4994-939d-75bf9cad4663)
2026-05-16 16:50:17,007 Result is kept for 600 seconds
2026-05-16 16:50:17,013 workspaces-ERPnext-frappe-bench:default: frappe.utils.background_jobs.execute_job(event=None, is_async=True, job_name='frappe.model.delete_doc.delete_dynamic_links', kwargs={'doctype': 'Property Setter', 'name': 'Customer-naming_series-hidden'}, method='frappe.model.delete_doc.delete_dynamic_links', site='business.localhost', user='Administrator') (business.localhost||1824dcc1-2130-486b-a390-478d03a32b39)
2026-05-16 16:50:17,061 Successfully completed frappe.utils.background_jobs.execute_job(event=None, is_async=True, job_name='frappe.model.delete_doc.delete_dynamic_links', kwargs={'doctype': 'Property Setter', 'name': 'Customer-naming_series-hidden'}, method='frappe.model.delete_doc.delete_dynamic_links', site='business.localhost', user='Administrator') job in 0:00:00.042567s on worker 7a88edaa7fe84359ad70fbfe8f1db40f
2026-05-16 16:50:17,061 workspaces-ERPnext-frappe-bench:default: Job OK (business.localhost||1824dcc1-2130-486b-a390-478d03a32b39)
2026-05-16 16:50:17,061 Result is kept for 600 seconds
2026-05-16 16:50:17,067 workspaces-ERPnext-frappe-bench:default: frappe.utils.background_jobs.execute_job(event=None, is_async=True, job_name='frappe.model.delete_doc.delete_dynamic_links', kwargs={'doctype': 'Property Setter', 'name': 'Sales Order-tax_id-hidden'}, method='frappe.model.delete_doc.delete_dynamic_links', site='business.localhost', user='Administrator') (business.localhost||814955a4-959e-4a66-891d-0b50b39a2c12)
2026-05-16 16:50:17,113 Successfully completed frappe.utils.background_jobs.execute_job(event=None, is_async=True, job_name='frappe.model.delete_doc.delete_dynamic_links', kwargs={'doctype': 'Property Setter', 'name': 'Sales Order-tax_id-hidden'}, method='frappe.model.delete_doc.delete_dynamic_links', site='business.localhost', user='Administrator') job in 0:00:00.040241s on worker 7a88edaa7fe84359ad70fbfe8f1db40f
2026-05-16 16:50:17,113 workspaces-ERPnext-frappe-bench:default: Job OK (business.localhost||814955a4-959e-4a66-891d-0b50b39a2c12)
2026-05-16 16:50:17,113 Result is kept for 600 seconds
2026-05-16 16:50:17,119 workspaces-ERPnext-frappe-bench:default: frappe.utils.background_jobs.execute_job(event=None, is_async=True, job_name='frappe.model.delete_doc.delete_dynamic_links', kwargs={'doctype': 'Property Setter', 'name': 'Sales Order-tax_id-print_hide'}, method='frappe.model.delete_doc.delete_dynamic_links', site='business.localhost', user='Administrator') (business.localhost||ece38212-052d-484b-92c1-396c3403f595)
2026-05-16 16:50:17,175 Successfully completed frappe.utils.background_jobs.execute_job(event=None, is_async=True, job_name='frappe.model.delete_doc.delete_dynamic_links', kwargs={'doctype': 'Property Setter', 'name': 'Sales Order-tax_id-print_hide'}, method='frappe.model.delete_doc.delete_dynamic_links', site='business.localhost', user='Administrator') job in 0:00:00.049918s on worker 7a88edaa7fe84359ad70fbfe8f1db40f
2026-05-16 16:50:17,175 workspaces-ERPnext-frappe-bench:default: Job OK (business.localhost||ece38212-052d-484b-92c1-396c3403f595)
2026-05-16 16:50:17,175 Result is kept for 600 seconds
2026-05-16 16:50:17,181 workspaces-ERPnext-frappe-bench:default: frappe.utils.background_jobs.execute_job(event=None, is_async=True, job_name='frappe.model.delete_doc.delete_dynamic_links', kwargs={'doctype': 'Property Setter', 'name': 'Sales Invoice-tax_id-hidden'}, method='frappe.model.delete_doc.delete_dynamic_links', site='business.localhost', user='Administrator') (business.localhost||7002397f-98d8-40f7-8bf4-0ac8e3f92a57)
2026-05-16 16:50:17,227 Successfully completed frappe.utils.background_jobs.execute_job(event=None, is_async=True, job_name='frappe.model.delete_doc.delete_dynamic_links', kwargs={'doctype': 'Property Setter', 'name': 'Sales Invoice-tax_id-hidden'}, method='frappe.model.delete_doc.delete_dynamic_links', site='business.localhost', user='Administrator') job in 0:00:00.040250s on worker 7a88edaa7fe84359ad70fbfe8f1db40f
2026-05-16 16:50:17,227 workspaces-ERPnext-frappe-bench:default: Job OK (business.localhost||7002397f-98d8-40f7-8bf4-0ac8e3f92a57)
2026-05-16 16:50:17,227 Result is kept for 600 seconds
2026-05-16 16:50:17,233 workspaces-ERPnext-frappe-bench:default: frappe.utils.background_jobs.execute_job(event=None, is_async=True, job_name='frappe.model.delete_doc.delete_dynamic_links', kwargs={'doctype': 'Property Setter', 'name': 'Sales Invoice-tax_id-print_hide'}, method='frappe.model.delete_doc.delete_dynamic_links', site='business.localhost', user='Administrator') (business.localhost||aeaa55d1-60c7-4b97-b440-ee2fb4f9f16d)
2026-05-16 16:50:17,282 Successfully completed frappe.utils.background_jobs.execute_job(event=None, is_async=True, job_name='frappe.model.delete_doc.delete_dynamic_links', kwargs={'doctype': 'Property Setter', 'name': 'Sales Invoice-tax_id-print_hide'}, method='frappe.model.delete_doc.delete_dynamic_links', site='business.localhost', user='Administrator') job in 0:00:00.042884s on worker 7a88edaa7fe84359ad70fbfe8f1db40f
2026-05-16 16:50:17,282 workspaces-ERPnext-frappe-bench:default: Job OK (business.localhost||aeaa55d1-60c7-4b97-b440-ee2fb4f9f16d)
2026-05-16 16:50:17,282 Result is kept for 600 seconds
2026-05-16 16:50:17,288 workspaces-ERPnext-frappe-bench:default: frappe.utils.background_jobs.execute_job(event=None, is_async=True, job_name='frappe.model.delete_doc.delete_dynamic_links', kwargs={'doctype': 'Property Setter', 'name': 'Delivery Note-tax_id-hidden'}, method='frappe.model.delete_doc.delete_dynamic_links', site='business.localhost', user='Administrator') (business.localhost||be77a547-4ab6-4125-80dd-5f472679dea8)
2026-05-16 16:50:17,334 Successfully completed frappe.utils.background_jobs.execute_job(event=None, is_async=True, job_name='frappe.model.delete_doc.delete_dynamic_links', kwargs={'doctype': 'Property Setter', 'name': 'Delivery Note-tax_id-hidden'}, method='frappe.model.delete_doc.delete_dynamic_links', site='business.localhost', user='Administrator') job in 0:00:00.040164s on worker 7a88edaa7fe84359ad70fbfe8f1db40f
2026-05-16 16:50:17,334 workspaces-ERPnext-frappe-bench:default: Job OK (business.localhost||be77a547-4ab6-4125-80dd-5f472679dea8)
2026-05-16 16:50:17,334 Result is kept for 600 seconds
2026-05-16 16:50:17,341 workspaces-ERPnext-frappe-bench:default: frappe.utils.background_jobs.execute_job(event=None, is_async=True, job_name='frappe.model.delete_doc.delete_dynamic_links', kwargs={'doctype': 'Property Setter', 'name': 'Delivery Note-tax_id-print_hide'}, method='frappe.model.delete_doc.delete_dynamic_links', site='business.localhost', user='Administrator') (business.localhost||53254c6f-88a0-4a70-b119-48e588665ff0)
2026-05-16 16:50:17,389 Successfully completed frappe.utils.background_jobs.execute_job(event=None, is_async=True, job_name='frappe.model.delete_doc.delete_dynamic_links', kwargs={'doctype': 'Property Setter', 'name': 'Delivery Note-tax_id-print_hide'}, method='frappe.model.delete_doc.delete_dynamic_links', site='business.localhost', user='Administrator') job in 0:00:00.042112s on worker 7a88edaa7fe84359ad70fbfe8f1db40f
2026-05-16 16:50:17,389 workspaces-ERPnext-frappe-bench:default: Job OK (business.localhost||53254c6f-88a0-4a70-b119-48e588665ff0)
2026-05-16 16:50:17,389 Result is kept for 600 seconds
2026-05-16 16:50:17,395 workspaces-ERPnext-frappe-bench:default: frappe.utils.background_jobs.execute_job(event=None, is_async=True, job_name='frappe.model.delete_doc.delete_dynamic_links', kwargs={'doctype': 'Property Setter', 'name': 'Packed Item-rate-read_only'}, method='frappe.model.delete_doc.delete_dynamic_links', site='business.localhost', user='Administrator') (business.localhost||ef732d19-da24-4fbf-9e69-3085b2e3c4e9)
2026-05-16 16:50:17,443 Successfully completed frappe.utils.background_jobs.execute_job(event=None, is_async=True, job_name='frappe.model.delete_doc.delete_dynamic_links', kwargs={'doctype': 'Property Setter', 'name': 'Packed Item-rate-read_only'}, method='frappe.model.delete_doc.delete_dynamic_links', site='business.localhost', user='Administrator') job in 0:00:00.041795s on worker 7a88edaa7fe84359ad70fbfe8f1db40f
2026-05-16 16:50:17,444 workspaces-ERPnext-frappe-bench:default: Job OK (business.localhost||ef732d19-da24-4fbf-9e69-3085b2e3c4e9)
2026-05-16 16:50:17,444 Result is kept for 600 seconds
2026-05-16 16:50:17,452 workspaces-ERPnext-frappe-bench:default: frappe.utils.background_jobs.execute_job(event=None, is_async=True, job_name='frappe.model.delete_doc.delete_dynamic_links', kwargs={'doctype': 'Property Setter', 'name': 'Sales Invoice Item-discount_account..., method='frappe.model.delete_doc.delete_dynamic_links', site='business.localhost', user='Administrator') (business.localhost||79a31e18-2eb9-4405-8597-2f06a58bed87)
2026-05-16 16:50:17,499 Successfully completed frappe.utils.background_jobs.execute_job(event=None, is_async=True, job_name='frappe.model.delete_doc.delete_dynamic_links', kwargs={'doctype': 'Property Setter', 'name': 'Sales Invoice Item-discount_account..., method='frappe.model.delete_doc.delete_dynamic_links', site='business.localhost', user='Administrator') job in 0:00:00.039880s on worker 7a88edaa7fe84359ad70fbfe8f1db40f
2026-05-16 16:50:17,499 workspaces-ERPnext-frappe-bench:default: Job OK (business.localhost||79a31e18-2eb9-4405-8597-2f06a58bed87)
2026-05-16 16:50:17,500 Result is kept for 600 seconds
2026-05-16 16:50:17,506 workspaces-ERPnext-frappe-bench:default: frappe.utils.background_jobs.execute_job(event=None, is_async=True, job_name='frappe.model.delete_doc.delete_dynamic_links', kwargs={'doctype': 'Property Setter', 'name': 'Sales Invoice Item-discount_account..., method='frappe.model.delete_doc.delete_dynamic_links', site='business.localhost', user='Administrator') (business.localhost||47c52ba2-3f07-424b-a738-f8a4a0e6b430)
2026-05-16 16:50:17,554 Successfully completed frappe.utils.background_jobs.execute_job(event=None, is_async=True, job_name='frappe.model.delete_doc.delete_dynamic_links', kwargs={'doctype': 'Property Setter', 'name': 'Sales Invoice Item-discount_account..., method='frappe.model.delete_doc.delete_dynamic_links', site='business.localhost', user='Administrator') job in 0:00:00.043097s on worker 7a88edaa7fe84359ad70fbfe8f1db40f
2026-05-16 16:50:17,555 workspaces-ERPnext-frappe-bench:default: Job OK (business.localhost||47c52ba2-3f07-424b-a738-f8a4a0e6b430)
2026-05-16 16:50:17,555 Result is kept for 600 seconds
2026-05-16 16:50:17,561 workspaces-ERPnext-frappe-bench:default: frappe.utils.background_jobs.execute_job(event=None, is_async=True, job_name='frappe.model.delete_doc.delete_dynamic_links', kwargs={'doctype': 'Property Setter', 'name': 'Sales Invoice-additional_discount_a..., method='frappe.model.delete_doc.delete_dynamic_links', site='business.localhost', user='Administrator') (business.localhost||a3244349-8e4d-49f0-9729-c2b6a03e6288)
2026-05-16 16:50:17,606 Successfully completed frappe.utils.background_jobs.execute_job(event=None, is_async=True, job_name='frappe.model.delete_doc.delete_dynamic_links', kwargs={'doctype': 'Property Setter', 'name': 'Sales Invoice-additional_discount_a..., method='frappe.model.delete_doc.delete_dynamic_links', site='business.localhost', user='Administrator') job in 0:00:00.039479s on worker 7a88edaa7fe84359ad70fbfe8f1db40f
2026-05-16 16:50:17,606 workspaces-ERPnext-frappe-bench:default: Job OK (business.localhost||a3244349-8e4d-49f0-9729-c2b6a03e6288)
2026-05-16 16:50:17,606 Result is kept for 600 seconds
2026-05-16 16:50:17,612 workspaces-ERPnext-frappe-bench:default: frappe.utils.background_jobs.execute_job(event=None, is_async=True, job_name='frappe.model.delete_doc.delete_dynamic_links', kwargs={'doctype': 'Property Setter', 'name': 'Sales Invoice-additional_discount_a..., method='frappe.model.delete_doc.delete_dynamic_links', site='business.localhost', user='Administrator') (business.localhost||5caddb6f-d654-4f24-8ca5-6d5612c08c85)
2026-05-16 16:50:17,658 Successfully completed frappe.utils.background_jobs.execute_job(event=None, is_async=True, job_name='frappe.model.delete_doc.delete_dynamic_links', kwargs={'doctype': 'Property Setter', 'name': 'Sales Invoice-additional_discount_a..., method='frappe.model.delete_doc.delete_dynamic_links', site='business.localhost', user='Administrator') job in 0:00:00.040340s on worker 7a88edaa7fe84359ad70fbfe8f1db40f
2026-05-16 16:50:17,658 workspaces-ERPnext-frappe-bench:default: Job OK (business.localhost||5caddb6f-d654-4f24-8ca5-6d5612c08c85)
2026-05-16 16:50:17,658 Result is kept for 600 seconds
2026-05-16 16:50:17,664 workspaces-ERPnext-frappe-bench:default: frappe.utils.background_jobs.execute_job(event=None, is_async=True, job_name='frappe.model.delete_doc.delete_dynamic_links', kwargs={'doctype': 'Property Setter', 'name': 'Quotation-base_rounded_total-hidden..., method='frappe.model.delete_doc.delete_dynamic_links', site='business.localhost', user='Administrator') (business.localhost||dd0273ba-0cae-4552-8439-9fe743d43b1e)
2026-05-16 16:50:17,723 Successfully completed frappe.utils.background_jobs.execute_job(event=None, is_async=True, job_name='frappe.model.delete_doc.delete_dynamic_links', kwargs={'doctype': 'Property Setter', 'name': 'Quotation-base_rounded_total-hidden..., method='frappe.model.delete_doc.delete_dynamic_links', site='business.localhost', user='Administrator') job in 0:00:00.052507s on worker 7a88edaa7fe84359ad70fbfe8f1db40f
2026-05-16 16:50:17,723 workspaces-ERPnext-frappe-bench:default: Job OK (business.localhost||dd0273ba-0cae-4552-8439-9fe743d43b1e)
2026-05-16 16:50:17,724 Result is kept for 600 seconds
2026-05-16 16:50:17,732 workspaces-ERPnext-frappe-bench:default: frappe.utils.background_jobs.execute_job(event=None, is_async=True, job_name='frappe.model.delete_doc.delete_dynamic_links', kwargs={'doctype': 'Property Setter', 'name': 'Quotation-base_rounded_total-print_..., method='frappe.model.delete_doc.delete_dynamic_links', site='business.localhost', user='Administrator') (business.localhost||55da1c63-ad75-4f21-9a5b-46606a8d6c99)
2026-05-16 16:50:17,795 Successfully completed frappe.utils.background_jobs.execute_job(event=None, is_async=True, job_name='frappe.model.delete_doc.delete_dynamic_links', kwargs={'doctype': 'Property Setter', 'name': 'Quotation-base_rounded_total-print_..., method='frappe.model.delete_doc.delete_dynamic_links', site='business.localhost', user='Administrator') job in 0:00:00.054038s on worker 7a88edaa7fe84359ad70fbfe8f1db40f
2026-05-16 16:50:17,795 workspaces-ERPnext-frappe-bench:default: Job OK (business.localhost||55da1c63-ad75-4f21-9a5b-46606a8d6c99)
2026-05-16 16:50:17,796 Result is kept for 600 seconds
2026-05-16 16:50:17,802 workspaces-ERPnext-frappe-bench:default: frappe.utils.background_jobs.execute_job(event=None, is_async=True, job_name='frappe.model.delete_doc.delete_dynamic_links', kwargs={'doctype': 'Property Setter', 'name': 'Quotation-rounded_total-hidden'}, method='frappe.model.delete_doc.delete_dynamic_links', site='business.localhost', user='Administrator') (business.localhost||618ed0d2-e25f-4873-bed9-457315a8dd9f)
2026-05-16 16:50:17,848 Successfully completed frappe.utils.background_jobs.execute_job(event=None, is_async=True, job_name='frappe.model.delete_doc.delete_dynamic_links', kwargs={'doctype': 'Property Setter', 'name': 'Quotation-rounded_total-hidden'}, method='frappe.model.delete_doc.delete_dynamic_links', site='business.localhost', user='Administrator') job in 0:00:00.040326s on worker 7a88edaa7fe84359ad70fbfe8f1db40f
2026-05-16 16:50:17,848 workspaces-ERPnext-frappe-bench:default: Job OK (business.localhost||618ed0d2-e25f-4873-bed9-457315a8dd9f)
2026-05-16 16:50:17,848 Result is kept for 600 seconds
2026-05-16 16:50:17,855 workspaces-ERPnext-frappe-bench:default: frappe.utils.background_jobs.execute_job(event=None, is_async=True, job_name='frappe.model.delete_doc.delete_dynamic_links', kwargs={'doctype': 'Property Setter', 'name': 'Quotation-rounded_total-print_hide'..., method='frappe.model.delete_doc.delete_dynamic_links', site='business.localhost', user='Administrator') (business.localhost||c73c473e-8cf8-4ebd-ac18-9033ba681b4e)
2026-05-16 16:50:17,917 Successfully completed frappe.utils.background_jobs.execute_job(event=None, is_async=True, job_name='frappe.model.delete_doc.delete_dynamic_links', kwargs={'doctype': 'Property Setter', 'name': 'Quotation-rounded_total-print_hide'..., method='frappe.model.delete_doc.delete_dynamic_links', site='business.localhost', user='Administrator') job in 0:00:00.054837s on worker 7a88edaa7fe84359ad70fbfe8f1db40f
2026-05-16 16:50:17,917 workspaces-ERPnext-frappe-bench:default: Job OK (business.localhost||c73c473e-8cf8-4ebd-ac18-9033ba681b4e)
2026-05-16 16:50:17,917 Result is kept for 600 seconds
2026-05-16 16:50:17,926 workspaces-ERPnext-frappe-bench:default: frappe.utils.background_jobs.execute_job(event=None, is_async=True, job_name='frappe.model.delete_doc.delete_dynamic_links', kwargs={'doctype': 'Property Setter', 'name': 'Quotation-disable_rounded_total-def..., method='frappe.model.delete_doc.delete_dynamic_links', site='business.localhost', user='Administrator') (business.localhost||5c7d5ccd-3977-4f39-923b-ab125d0da57b)
2026-05-16 16:50:17,991 Successfully completed frappe.utils.background_jobs.execute_job(event=None, is_async=True, job_name='frappe.model.delete_doc.delete_dynamic_links', kwargs={'doctype': 'Property Setter', 'name': 'Quotation-disable_rounded_total-def..., method='frappe.model.delete_doc.delete_dynamic_links', site='business.localhost', user='Administrator') job in 0:00:00.056376s on worker 7a88edaa7fe84359ad70fbfe8f1db40f
2026-05-16 16:50:17,991 workspaces-ERPnext-frappe-bench:default: Job OK (business.localhost||5c7d5ccd-3977-4f39-923b-ab125d0da57b)
2026-05-16 16:50:17,991 Result is kept for 600 seconds
2026-05-16 16:50:17,999 workspaces-ERPnext-frappe-bench:default: frappe.utils.background_jobs.execute_job(event=None, is_async=True, job_name='frappe.model.delete_doc.delete_dynamic_links', kwargs={'doctype': 'Property Setter', 'name': 'Sales Order-base_rounded_total-hidd..., method='frappe.model.delete_doc.delete_dynamic_links', site='business.localhost', user='Administrator') (business.localhost||1a697f88-8cb2-4424-8a94-f9962219632a)
2026-05-16 16:50:18,050 Successfully completed frappe.utils.background_jobs.execute_job(event=None, is_async=True, job_name='frappe.model.delete_doc.delete_dynamic_links', kwargs={'doctype': 'Property Setter', 'name': 'Sales Order-base_rounded_total-hidd..., method='frappe.model.delete_doc.delete_dynamic_links', site='business.localhost', user='Administrator') job in 0:00:00.041891s on worker 7a88edaa7fe84359ad70fbfe8f1db40f
2026-05-16 16:50:18,050 workspaces-ERPnext-frappe-bench:default: Job OK (business.localhost||1a697f88-8cb2-4424-8a94-f9962219632a)
2026-05-16 16:50:18,050 Result is kept for 600 seconds
2026-05-16 16:50:18,056 workspaces-ERPnext-frappe-bench:default: frappe.utils.background_jobs.execute_job(event=None, is_async=True, job_name='frappe.model.delete_doc.delete_dynamic_links', kwargs={'doctype': 'Property Setter', 'name': 'Sales Order-base_rounded_total-prin..., method='frappe.model.delete_doc.delete_dynamic_links', site='business.localhost', user='Administrator') (business.localhost||9b941970-489f-4989-9b22-0c781fbb8569)
2026-05-16 16:50:18,107 Successfully completed frappe.utils.background_jobs.execute_job(event=None, is_async=True, job_name='frappe.model.delete_doc.delete_dynamic_links', kwargs={'doctype': 'Property Setter', 'name': 'Sales Order-base_rounded_total-prin..., method='frappe.model.delete_doc.delete_dynamic_links', site='business.localhost', user='Administrator') job in 0:00:00.041966s on worker 7a88edaa7fe84359ad70fbfe8f1db40f
2026-05-16 16:50:18,107 workspaces-ERPnext-frappe-bench:default: Job OK (business.localhost||9b941970-489f-4989-9b22-0c781fbb8569)
2026-05-16 16:50:18,107 Result is kept for 600 seconds
2026-05-16 16:50:18,113 workspaces-ERPnext-frappe-bench:default: frappe.utils.background_jobs.execute_job(event=None, is_async=True, job_name='frappe.model.delete_doc.delete_dynamic_links', kwargs={'doctype': 'Property Setter', 'name': 'Sales Order-rounded_total-hidden'}, method='frappe.model.delete_doc.delete_dynamic_links', site='business.localhost', user='Administrator') (business.localhost||d7622dbc-20f3-4751-b134-9e3db2062cc0)
2026-05-16 16:50:18,161 Successfully completed frappe.utils.background_jobs.execute_job(event=None, is_async=True, job_name='frappe.model.delete_doc.delete_dynamic_links', kwargs={'doctype': 'Property Setter', 'name': 'Sales Order-rounded_total-hidden'}, method='frappe.model.delete_doc.delete_dynamic_links', site='business.localhost', user='Administrator') job in 0:00:00.042573s on worker 7a88edaa7fe84359ad70fbfe8f1db40f
2026-05-16 16:50:18,161 workspaces-ERPnext-frappe-bench:default: Job OK (business.localhost||d7622dbc-20f3-4751-b134-9e3db2062cc0)
2026-05-16 16:50:18,161 Result is kept for 600 seconds
2026-05-16 16:50:18,168 workspaces-ERPnext-frappe-bench:default: frappe.utils.background_jobs.execute_job(event=None, is_async=True, job_name='frappe.model.delete_doc.delete_dynamic_links', kwargs={'doctype': 'Property Setter', 'name': 'Sales Order-rounded_total-print_hid..., method='frappe.model.delete_doc.delete_dynamic_links', site='business.localhost', user='Administrator') (business.localhost||cd084040-cea9-47ad-a4ff-7c9202e03b29)
2026-05-16 16:50:18,242 Successfully completed frappe.utils.background_jobs.execute_job(event=None, is_async=True, job_name='frappe.model.delete_doc.delete_dynamic_links', kwargs={'doctype': 'Property Setter', 'name': 'Sales Order-rounded_total-print_hid..., method='frappe.model.delete_doc.delete_dynamic_links', site='business.localhost', user='Administrator') job in 0:00:00.064472s on worker 7a88edaa7fe84359ad70fbfe8f1db40f
2026-05-16 16:50:18,242 workspaces-ERPnext-frappe-bench:default: Job OK (business.localhost||cd084040-cea9-47ad-a4ff-7c9202e03b29)
2026-05-16 16:50:18,243 Result is kept for 600 seconds
2026-05-16 16:50:18,259 workspaces-ERPnext-frappe-bench:default: frappe.utils.background_jobs.execute_job(event=None, is_async=True, job_name='frappe.model.delete_doc.delete_dynamic_links', kwargs={'doctype': 'Property Setter', 'name': 'Sales Order-disable_rounded_total-d..., method='frappe.model.delete_doc.delete_dynamic_links', site='business.localhost', user='Administrator') (business.localhost||24fb4610-5dc3-4c74-b037-093e0b9207d7)
2026-05-16 16:50:18,330 Successfully completed frappe.utils.background_jobs.execute_job(event=None, is_async=True, job_name='frappe.model.delete_doc.delete_dynamic_links', kwargs={'doctype': 'Property Setter', 'name': 'Sales Order-disable_rounded_total-d..., method='frappe.model.delete_doc.delete_dynamic_links', site='business.localhost', user='Administrator') job in 0:00:00.044729s on worker 7a88edaa7fe84359ad70fbfe8f1db40f
2026-05-16 16:50:18,330 workspaces-ERPnext-frappe-bench:default: Job OK (business.localhost||24fb4610-5dc3-4c74-b037-093e0b9207d7)
2026-05-16 16:50:18,330 Result is kept for 600 seconds
2026-05-16 16:50:18,336 workspaces-ERPnext-frappe-bench:default: frappe.utils.background_jobs.execute_job(event=None, is_async=True, job_name='frappe.model.delete_doc.delete_dynamic_links', kwargs={'doctype': 'Property Setter', 'name': 'Sales Invoice-base_rounded_total-hi..., method='frappe.model.delete_doc.delete_dynamic_links', site='business.localhost', user='Administrator') (business.localhost||abbb01f9-8df5-4c0d-a786-f111973d1cfe)
2026-05-16 16:50:18,382 Successfully completed frappe.utils.background_jobs.execute_job(event=None, is_async=True, job_name='frappe.model.delete_doc.delete_dynamic_links', kwargs={'doctype': 'Property Setter', 'name': 'Sales Invoice-base_rounded_total-hi..., method='frappe.model.delete_doc.delete_dynamic_links', site='business.localhost', user='Administrator') job in 0:00:00.040574s on worker 7a88edaa7fe84359ad70fbfe8f1db40f
2026-05-16 16:50:18,383 workspaces-ERPnext-frappe-bench:default: Job OK (business.localhost||abbb01f9-8df5-4c0d-a786-f111973d1cfe)
2026-05-16 16:50:18,383 Result is kept for 600 seconds
2026-05-16 16:50:18,388 workspaces-ERPnext-frappe-bench:default: frappe.utils.background_jobs.execute_job(event=None, is_async=True, job_name='frappe.model.delete_doc.delete_dynamic_links', kwargs={'doctype': 'Property Setter', 'name': 'Sales Invoice-base_rounded_total-pr..., method='frappe.model.delete_doc.delete_dynamic_links', site='business.localhost', user='Administrator') (business.localhost||a3780161-446b-4ed5-8d6f-86092a4b8e8c)
2026-05-16 16:50:18,435 Successfully completed frappe.utils.background_jobs.execute_job(event=None, is_async=True, job_name='frappe.model.delete_doc.delete_dynamic_links', kwargs={'doctype': 'Property Setter', 'name': 'Sales Invoice-base_rounded_total-pr..., method='frappe.model.delete_doc.delete_dynamic_links', site='business.localhost', user='Administrator') job in 0:00:00.041179s on worker 7a88edaa7fe84359ad70fbfe8f1db40f
2026-05-16 16:50:18,435 workspaces-ERPnext-frappe-bench:default: Job OK (business.localhost||a3780161-446b-4ed5-8d6f-86092a4b8e8c)
2026-05-16 16:50:18,435 Result is kept for 600 seconds
2026-05-16 16:50:18,441 workspaces-ERPnext-frappe-bench:default: frappe.utils.background_jobs.execute_job(event=None, is_async=True, job_name='frappe.model.delete_doc.delete_dynamic_links', kwargs={'doctype': 'Property Setter', 'name': 'Sales Invoice-rounded_total-hidden'..., method='frappe.model.delete_doc.delete_dynamic_links', site='business.localhost', user='Administrator') (business.localhost||a1ed411e-039c-4960-a6d0-3fc0b5581acf)
2026-05-16 16:50:18,501 Successfully completed frappe.utils.background_jobs.execute_job(event=None, is_async=True, job_name='frappe.model.delete_doc.delete_dynamic_links', kwargs={'doctype': 'Property Setter', 'name': 'Sales Invoice-rounded_total-hidden'..., method='frappe.model.delete_doc.delete_dynamic_links', site='business.localhost', user='Administrator') job in 0:00:00.053523s on worker 7a88edaa7fe84359ad70fbfe8f1db40f
2026-05-16 16:50:18,501 workspaces-ERPnext-frappe-bench:default: Job OK (business.localhost||a1ed411e-039c-4960-a6d0-3fc0b5581acf)
2026-05-16 16:50:18,501 Result is kept for 600 seconds
2026-05-16 16:50:18,510 workspaces-ERPnext-frappe-bench:default: frappe.utils.background_jobs.execute_job(event=None, is_async=True, job_name='frappe.model.delete_doc.delete_dynamic_links', kwargs={'doctype': 'Property Setter', 'name': 'Sales Invoice-rounded_total-print_h..., method='frappe.model.delete_doc.delete_dynamic_links', site='business.localhost', user='Administrator') (business.localhost||d7f7a2a2-862c-499e-bbc0-19148f4bba64)
2026-05-16 16:50:18,577 Successfully completed frappe.utils.background_jobs.execute_job(event=None, is_async=True, job_name='frappe.model.delete_doc.delete_dynamic_links', kwargs={'doctype': 'Property Setter', 'name': 'Sales Invoice-rounded_total-print_h..., method='frappe.model.delete_doc.delete_dynamic_links', site='business.localhost', user='Administrator') job in 0:00:00.058195s on worker 7a88edaa7fe84359ad70fbfe8f1db40f
2026-05-16 16:50:18,577 workspaces-ERPnext-frappe-bench:default: Job OK (business.localhost||d7f7a2a2-862c-499e-bbc0-19148f4bba64)
2026-05-16 16:50:18,577 Result is kept for 600 seconds
2026-05-16 16:50:18,585 workspaces-ERPnext-frappe-bench:default: frappe.utils.background_jobs.execute_job(event=None, is_async=True, job_name='frappe.model.delete_doc.delete_dynamic_links', kwargs={'doctype': 'Property Setter', 'name': 'Sales Invoice-disable_rounded_total..., method='frappe.model.delete_doc.delete_dynamic_links', site='business.localhost', user='Administrator') (business.localhost||5c9b0520-607d-4555-9484-fe01e3a01011)
2026-05-16 16:50:18,653 Successfully completed frappe.utils.background_jobs.execute_job(event=None, is_async=True, job_name='frappe.model.delete_doc.delete_dynamic_links', kwargs={'doctype': 'Property Setter', 'name': 'Sales Invoice-disable_rounded_total..., method='frappe.model.delete_doc.delete_dynamic_links', site='business.localhost', user='Administrator') job in 0:00:00.057804s on worker 7a88edaa7fe84359ad70fbfe8f1db40f
2026-05-16 16:50:18,654 workspaces-ERPnext-frappe-bench:default: Job OK (business.localhost||5c9b0520-607d-4555-9484-fe01e3a01011)
2026-05-16 16:50:18,654 Result is kept for 600 seconds
2026-05-16 16:50:18,662 workspaces-ERPnext-frappe-bench:default: frappe.utils.background_jobs.execute_job(event=None, is_async=True, job_name='frappe.model.delete_doc.delete_dynamic_links', kwargs={'doctype': 'Property Setter', 'name': 'Delivery Note-base_rounded_total-hi..., method='frappe.model.delete_doc.delete_dynamic_links', site='business.localhost', user='Administrator') (business.localhost||671e59be-9620-4fc2-9543-819765f77753)
2026-05-16 16:50:18,731 Successfully completed frappe.utils.background_jobs.execute_job(event=None, is_async=True, job_name='frappe.model.delete_doc.delete_dynamic_links', kwargs={'doctype': 'Property Setter', 'name': 'Delivery Note-base_rounded_total-hi..., method='frappe.model.delete_doc.delete_dynamic_links', site='business.localhost', user='Administrator') job in 0:00:00.061175s on worker 7a88edaa7fe84359ad70fbfe8f1db40f
2026-05-16 16:50:18,731 workspaces-ERPnext-frappe-bench:default: Job OK (business.localhost||671e59be-9620-4fc2-9543-819765f77753)
2026-05-16 16:50:18,731 Result is kept for 600 seconds
2026-05-16 16:50:18,740 workspaces-ERPnext-frappe-bench:default: frappe.utils.background_jobs.execute_job(event=None, is_async=True, job_name='frappe.model.delete_doc.delete_dynamic_links', kwargs={'doctype': 'Property Setter', 'name': 'Delivery Note-base_rounded_total-pr..., method='frappe.model.delete_doc.delete_dynamic_links', site='business.localhost', user='Administrator') (business.localhost||11731a03-e7cc-45c5-85c5-5ceeba0b4ff3)
2026-05-16 16:50:18,805 Successfully completed frappe.utils.background_jobs.execute_job(event=None, is_async=True, job_name='frappe.model.delete_doc.delete_dynamic_links', kwargs={'doctype': 'Property Setter', 'name': 'Delivery Note-base_rounded_total-pr..., method='frappe.model.delete_doc.delete_dynamic_links', site='business.localhost', user='Administrator') job in 0:00:00.056253s on worker 7a88edaa7fe84359ad70fbfe8f1db40f
2026-05-16 16:50:18,806 workspaces-ERPnext-frappe-bench:default: Job OK (business.localhost||11731a03-e7cc-45c5-85c5-5ceeba0b4ff3)
2026-05-16 16:50:18,806 Result is kept for 600 seconds
2026-05-16 16:50:18,814 workspaces-ERPnext-frappe-bench:default: frappe.utils.background_jobs.execute_job(event=None, is_async=True, job_name='frappe.model.delete_doc.delete_dynamic_links', kwargs={'doctype': 'Property Setter', 'name': 'Delivery Note-rounded_total-hidden'..., method='frappe.model.delete_doc.delete_dynamic_links', site='business.localhost', user='Administrator') (business.localhost||8cc55650-027c-43fc-a985-f561032508ed)
2026-05-16 16:50:18,885 Successfully completed frappe.utils.background_jobs.execute_job(event=None, is_async=True, job_name='frappe.model.delete_doc.delete_dynamic_links', kwargs={'doctype': 'Property Setter', 'name': 'Delivery Note-rounded_total-hidden'..., method='frappe.model.delete_doc.delete_dynamic_links', site='business.localhost', user='Administrator') job in 0:00:00.059633s on worker 7a88edaa7fe84359ad70fbfe8f1db40f
2026-05-16 16:50:18,885 workspaces-ERPnext-frappe-bench:default: Job OK (business.localhost||8cc55650-027c-43fc-a985-f561032508ed)
2026-05-16 16:50:18,885 Result is kept for 600 seconds
2026-05-16 16:50:18,893 workspaces-ERPnext-frappe-bench:default: frappe.utils.background_jobs.execute_job(event=None, is_async=True, job_name='frappe.model.delete_doc.delete_dynamic_links', kwargs={'doctype': 'Property Setter', 'name': 'Delivery Note-rounded_total-print_h..., method='frappe.model.delete_doc.delete_dynamic_links', site='business.localhost', user='Administrator') (business.localhost||a4435504-0bc9-46ae-a91f-a85f29a9ff99)
2026-05-16 16:50:18,964 Successfully completed frappe.utils.background_jobs.execute_job(event=None, is_async=True, job_name='frappe.model.delete_doc.delete_dynamic_links', kwargs={'doctype': 'Property Setter', 'name': 'Delivery Note-rounded_total-print_h..., method='frappe.model.delete_doc.delete_dynamic_links', site='business.localhost', user='Administrator') job in 0:00:00.061663s on worker 7a88edaa7fe84359ad70fbfe8f1db40f
2026-05-16 16:50:18,964 workspaces-ERPnext-frappe-bench:default: Job OK (business.localhost||a4435504-0bc9-46ae-a91f-a85f29a9ff99)
2026-05-16 16:50:18,964 Result is kept for 600 seconds
2026-05-16 16:50:18,973 workspaces-ERPnext-frappe-bench:default: frappe.utils.background_jobs.execute_job(event=None, is_async=True, job_name='frappe.model.delete_doc.delete_dynamic_links', kwargs={'doctype': 'Property Setter', 'name': 'Delivery Note-disable_rounded_total..., method='frappe.model.delete_doc.delete_dynamic_links', site='business.localhost', user='Administrator') (business.localhost||1a2b57bc-71b5-427e-9e5a-e9ba94fc8d7f)
2026-05-16 16:50:19,047 Successfully completed frappe.utils.background_jobs.execute_job(event=None, is_async=True, job_name='frappe.model.delete_doc.delete_dynamic_links', kwargs={'doctype': 'Property Setter', 'name': 'Delivery Note-disable_rounded_total..., method='frappe.model.delete_doc.delete_dynamic_links', site='business.localhost', user='Administrator') job in 0:00:00.063017s on worker 7a88edaa7fe84359ad70fbfe8f1db40f
2026-05-16 16:50:19,047 workspaces-ERPnext-frappe-bench:default: Job OK (business.localhost||1a2b57bc-71b5-427e-9e5a-e9ba94fc8d7f)
2026-05-16 16:50:19,047 Result is kept for 600 seconds
2026-05-16 16:50:19,058 workspaces-ERPnext-frappe-bench:default: frappe.utils.background_jobs.execute_job(event=None, is_async=True, job_name='frappe.model.delete_doc.delete_dynamic_links', kwargs={'doctype': 'Property Setter', 'name': 'Supplier Quotation-base_rounded_tot..., method='frappe.model.delete_doc.delete_dynamic_links', site='business.localhost', user='Administrator') (business.localhost||7bde1972-cc94-421b-ab07-6c8bcfcee276)
2026-05-16 16:50:19,149 Successfully completed frappe.utils.background_jobs.execute_job(event=None, is_async=True, job_name='frappe.model.delete_doc.delete_dynamic_links', kwargs={'doctype': 'Property Setter', 'name': 'Supplier Quotation-base_rounded_tot..., method='frappe.model.delete_doc.delete_dynamic_links', site='business.localhost', user='Administrator') job in 0:00:00.079240s on worker 7a88edaa7fe84359ad70fbfe8f1db40f
2026-05-16 16:50:19,149 workspaces-ERPnext-frappe-bench:default: Job OK (business.localhost||7bde1972-cc94-421b-ab07-6c8bcfcee276)
2026-05-16 16:50:19,149 Result is kept for 600 seconds
2026-05-16 16:50:19,158 workspaces-ERPnext-frappe-bench:default: frappe.utils.background_jobs.execute_job(event=None, is_async=True, job_name='frappe.model.delete_doc.delete_dynamic_links', kwargs={'doctype': 'Property Setter', 'name': 'Supplier Quotation-base_rounded_tot..., method='frappe.model.delete_doc.delete_dynamic_links', site='business.localhost', user='Administrator') (business.localhost||98930b7e-d568-47f5-af34-f5e47ddf733d)
2026-05-16 16:50:19,227 Successfully completed frappe.utils.background_jobs.execute_job(event=None, is_async=True, job_name='frappe.model.delete_doc.delete_dynamic_links', kwargs={'doctype': 'Property Setter', 'name': 'Supplier Quotation-base_rounded_tot..., method='frappe.model.delete_doc.delete_dynamic_links', site='business.localhost', user='Administrator') job in 0:00:00.059105s on worker 7a88edaa7fe84359ad70fbfe8f1db40f
2026-05-16 16:50:19,227 workspaces-ERPnext-frappe-bench:default: Job OK (business.localhost||98930b7e-d568-47f5-af34-f5e47ddf733d)
2026-05-16 16:50:19,227 Result is kept for 600 seconds
2026-05-16 16:50:19,240 workspaces-ERPnext-frappe-bench:default: frappe.utils.background_jobs.execute_job(event=None, is_async=True, job_name='frappe.model.delete_doc.delete_dynamic_links', kwargs={'doctype': 'Property Setter', 'name': 'Supplier Quotation-rounded_total-hi..., method='frappe.model.delete_doc.delete_dynamic_links', site='business.localhost', user='Administrator') (business.localhost||9dc0ecff-eec7-4579-b610-82d9f38956ef)
2026-05-16 16:50:19,322 Successfully completed frappe.utils.background_jobs.execute_job(event=None, is_async=True, job_name='frappe.model.delete_doc.delete_dynamic_links', kwargs={'doctype': 'Property Setter', 'name': 'Supplier Quotation-rounded_total-hi..., method='frappe.model.delete_doc.delete_dynamic_links', site='business.localhost', user='Administrator') job in 0:00:00.071249s on worker 7a88edaa7fe84359ad70fbfe8f1db40f
2026-05-16 16:50:19,322 workspaces-ERPnext-frappe-bench:default: Job OK (business.localhost||9dc0ecff-eec7-4579-b610-82d9f38956ef)
2026-05-16 16:50:19,323 Result is kept for 600 seconds
2026-05-16 16:50:19,333 workspaces-ERPnext-frappe-bench:default: frappe.utils.background_jobs.execute_job(event=None, is_async=True, job_name='frappe.model.delete_doc.delete_dynamic_links', kwargs={'doctype': 'Property Setter', 'name': 'Supplier Quotation-rounded_total-pr..., method='frappe.model.delete_doc.delete_dynamic_links', site='business.localhost', user='Administrator') (business.localhost||043921f3-7c69-4008-bd38-ad40601d313e)
2026-05-16 16:50:19,403 Successfully completed frappe.utils.background_jobs.execute_job(event=None, is_async=True, job_name='frappe.model.delete_doc.delete_dynamic_links', kwargs={'doctype': 'Property Setter', 'name': 'Supplier Quotation-rounded_total-pr..., method='frappe.model.delete_doc.delete_dynamic_links', site='business.localhost', user='Administrator') job in 0:00:00.061040s on worker 7a88edaa7fe84359ad70fbfe8f1db40f
2026-05-16 16:50:19,404 workspaces-ERPnext-frappe-bench:default: Job OK (business.localhost||043921f3-7c69-4008-bd38-ad40601d313e)
2026-05-16 16:50:19,404 Result is kept for 600 seconds
2026-05-16 16:50:19,413 workspaces-ERPnext-frappe-bench:default: frappe.utils.background_jobs.execute_job(event=None, is_async=True, job_name='frappe.model.delete_doc.delete_dynamic_links', kwargs={'doctype': 'Property Setter', 'name': 'Supplier Quotation-disable_rounded_..., method='frappe.model.delete_doc.delete_dynamic_links', site='business.localhost', user='Administrator') (business.localhost||9e17eaae-ba00-4e85-8091-5c179569a34d)
2026-05-16 16:50:19,567 Successfully completed frappe.utils.background_jobs.execute_job(event=None, is_async=True, job_name='frappe.model.delete_doc.delete_dynamic_links', kwargs={'doctype': 'Property Setter', 'name': 'Supplier Quotation-disable_rounded_..., method='frappe.model.delete_doc.delete_dynamic_links', site='business.localhost', user='Administrator') job in 0:00:00.145405s on worker 7a88edaa7fe84359ad70fbfe8f1db40f
2026-05-16 16:50:19,568 workspaces-ERPnext-frappe-bench:default: Job OK (business.localhost||9e17eaae-ba00-4e85-8091-5c179569a34d)
2026-05-16 16:50:19,568 Result is kept for 600 seconds
2026-05-16 16:50:19,576 workspaces-ERPnext-frappe-bench:default: frappe.utils.background_jobs.execute_job(event=None, is_async=True, job_name='frappe.model.delete_doc.delete_dynamic_links', kwargs={'doctype': 'Property Setter', 'name': 'Purchase Order-base_rounded_total-h..., method='frappe.model.delete_doc.delete_dynamic_links', site='business.localhost', user='Administrator') (business.localhost||ad997625-0815-42db-b35a-96e24e868644)
2026-05-16 16:50:19,649 Successfully completed frappe.utils.background_jobs.execute_job(event=None, is_async=True, job_name='frappe.model.delete_doc.delete_dynamic_links', kwargs={'doctype': 'Property Setter', 'name': 'Purchase Order-base_rounded_total-h..., method='frappe.model.delete_doc.delete_dynamic_links', site='business.localhost', user='Administrator') job in 0:00:00.062402s on worker 7a88edaa7fe84359ad70fbfe8f1db40f
2026-05-16 16:50:19,649 workspaces-ERPnext-frappe-bench:default: Job OK (business.localhost||ad997625-0815-42db-b35a-96e24e868644)
2026-05-16 16:50:19,650 Result is kept for 600 seconds
2026-05-16 16:50:19,659 workspaces-ERPnext-frappe-bench:default: frappe.utils.background_jobs.execute_job(event=None, is_async=True, job_name='frappe.model.delete_doc.delete_dynamic_links', kwargs={'doctype': 'Property Setter', 'name': 'Purchase Order-base_rounded_total-p..., method='frappe.model.delete_doc.delete_dynamic_links', site='business.localhost', user='Administrator') (business.localhost||e4d9a5c7-64a3-437d-a86d-9033f611c8dd)
2026-05-16 16:50:19,788 Successfully completed frappe.utils.background_jobs.execute_job(event=None, is_async=True, job_name='frappe.model.delete_doc.delete_dynamic_links', kwargs={'doctype': 'Property Setter', 'name': 'Purchase Order-base_rounded_total-p..., method='frappe.model.delete_doc.delete_dynamic_links', site='business.localhost', user='Administrator') job in 0:00:00.118743s on worker 7a88edaa7fe84359ad70fbfe8f1db40f
2026-05-16 16:50:19,789 workspaces-ERPnext-frappe-bench:default: Job OK (business.localhost||e4d9a5c7-64a3-437d-a86d-9033f611c8dd)
2026-05-16 16:50:19,789 Result is kept for 600 seconds
2026-05-16 16:50:19,805 workspaces-ERPnext-frappe-bench:default: frappe.utils.background_jobs.execute_job(event=None, is_async=True, job_name='frappe.model.delete_doc.delete_dynamic_links', kwargs={'doctype': 'Property Setter', 'name': 'Purchase Order-rounded_total-hidden..., method='frappe.model.delete_doc.delete_dynamic_links', site='business.localhost', user='Administrator') (business.localhost||b067e496-aac6-4b14-ab3e-6f8b6a3df2da)
2026-05-16 16:50:19,899 Successfully completed frappe.utils.background_jobs.execute_job(event=None, is_async=True, job_name='frappe.model.delete_doc.delete_dynamic_links', kwargs={'doctype': 'Property Setter', 'name': 'Purchase Order-rounded_total-hidden..., method='frappe.model.delete_doc.delete_dynamic_links', site='business.localhost', user='Administrator') job in 0:00:00.079129s on worker 7a88edaa7fe84359ad70fbfe8f1db40f
2026-05-16 16:50:19,899 workspaces-ERPnext-frappe-bench:default: Job OK (business.localhost||b067e496-aac6-4b14-ab3e-6f8b6a3df2da)
2026-05-16 16:50:19,900 Result is kept for 600 seconds
2026-05-16 16:50:19,910 workspaces-ERPnext-frappe-bench:default: frappe.utils.background_jobs.execute_job(event=None, is_async=True, job_name='frappe.model.delete_doc.delete_dynamic_links', kwargs={'doctype': 'Property Setter', 'name': 'Purchase Order-rounded_total-print_..., method='frappe.model.delete_doc.delete_dynamic_links', site='business.localhost', user='Administrator') (business.localhost||81933a99-ab90-4f19-9aad-660ecfa1ba78)
2026-05-16 16:50:20,119 Successfully completed frappe.utils.background_jobs.execute_job(event=None, is_async=True, job_name='frappe.model.delete_doc.delete_dynamic_links', kwargs={'doctype': 'Property Setter', 'name': 'Purchase Order-rounded_total-print_..., method='frappe.model.delete_doc.delete_dynamic_links', site='business.localhost', user='Administrator') job in 0:00:00.180602s on worker 7a88edaa7fe84359ad70fbfe8f1db40f
2026-05-16 16:50:20,119 workspaces-ERPnext-frappe-bench:default: Job OK (business.localhost||81933a99-ab90-4f19-9aad-660ecfa1ba78)
2026-05-16 16:50:20,119 Result is kept for 600 seconds
2026-05-16 16:50:20,184 workspaces-ERPnext-frappe-bench:default: frappe.utils.background_jobs.execute_job(event=None, is_async=True, job_name='frappe.model.delete_doc.delete_dynamic_links', kwargs={'doctype': 'Property Setter', 'name': 'Purchase Order-disable_rounded_tota..., method='frappe.model.delete_doc.delete_dynamic_links', site='business.localhost', user='Administrator') (business.localhost||75da9648-b88c-4b19-a989-8e77659252fa)
2026-05-16 16:50:20,741 Successfully completed frappe.utils.background_jobs.execute_job(event=None, is_async=True, job_name='frappe.model.delete_doc.delete_dynamic_links', kwargs={'doctype': 'Property Setter', 'name': 'Purchase Order-disable_rounded_tota..., method='frappe.model.delete_doc.delete_dynamic_links', site='business.localhost', user='Administrator') job in 0:00:00.505142s on worker 7a88edaa7fe84359ad70fbfe8f1db40f
2026-05-16 16:50:20,754 workspaces-ERPnext-frappe-bench:default: Job OK (business.localhost||75da9648-b88c-4b19-a989-8e77659252fa)
2026-05-16 16:50:20,754 Result is kept for 600 seconds
2026-05-16 16:50:20,827 workspaces-ERPnext-frappe-bench:default: frappe.utils.background_jobs.execute_job(event=None, is_async=True, job_name='frappe.model.delete_doc.delete_dynamic_links', kwargs={'doctype': 'Property Setter', 'name': 'Purchase Invoice-base_rounded_total..., method='frappe.model.delete_doc.delete_dynamic_links', site='business.localhost', user='Administrator') (business.localhost||e51d06f6-3538-49d3-955f-2a1f4a25384f)
2026-05-16 16:50:20,980 Successfully completed frappe.utils.background_jobs.execute_job(event=None, is_async=True, job_name='frappe.model.delete_doc.delete_dynamic_links', kwargs={'doctype': 'Property Setter', 'name': 'Purchase Invoice-base_rounded_total..., method='frappe.model.delete_doc.delete_dynamic_links', site='business.localhost', user='Administrator') job in 0:00:00.121408s on worker 7a88edaa7fe84359ad70fbfe8f1db40f
2026-05-16 16:50:20,981 workspaces-ERPnext-frappe-bench:default: Job OK (business.localhost||e51d06f6-3538-49d3-955f-2a1f4a25384f)
2026-05-16 16:50:20,981 Result is kept for 600 seconds
2026-05-16 16:50:21,000 workspaces-ERPnext-frappe-bench:default: frappe.utils.background_jobs.execute_job(event=None, is_async=True, job_name='frappe.model.delete_doc.delete_dynamic_links', kwargs={'doctype': 'Property Setter', 'name': 'Purchase Invoice-base_rounded_total..., method='frappe.model.delete_doc.delete_dynamic_links', site='business.localhost', user='Administrator') (business.localhost||d9102efa-58df-4f30-bdba-5ace9ba2eefc)
2026-05-16 16:50:21,148 Successfully completed frappe.utils.background_jobs.execute_job(event=None, is_async=True, job_name='frappe.model.delete_doc.delete_dynamic_links', kwargs={'doctype': 'Property Setter', 'name': 'Purchase Invoice-base_rounded_total..., method='frappe.model.delete_doc.delete_dynamic_links', site='business.localhost', user='Administrator') job in 0:00:00.130389s on worker 7a88edaa7fe84359ad70fbfe8f1db40f
2026-05-16 16:50:21,149 workspaces-ERPnext-frappe-bench:default: Job OK (business.localhost||d9102efa-58df-4f30-bdba-5ace9ba2eefc)
2026-05-16 16:50:21,149 Result is kept for 600 seconds
2026-05-16 16:50:21,183 workspaces-ERPnext-frappe-bench:default: frappe.utils.background_jobs.execute_job(event=None, is_async=True, job_name='frappe.model.delete_doc.delete_dynamic_links', kwargs={'doctype': 'Property Setter', 'name': 'Purchase Invoice-rounded_total-hidd..., method='frappe.model.delete_doc.delete_dynamic_links', site='business.localhost', user='Administrator') (business.localhost||0e8fb7f1-1423-4273-a981-6a87e74d22ac)
2026-05-16 16:50:21,350 Successfully completed frappe.utils.background_jobs.execute_job(event=None, is_async=True, job_name='frappe.model.delete_doc.delete_dynamic_links', kwargs={'doctype': 'Property Setter', 'name': 'Purchase Invoice-rounded_total-hidd..., method='frappe.model.delete_doc.delete_dynamic_links', site='business.localhost', user='Administrator') job in 0:00:00.143003s on worker 7a88edaa7fe84359ad70fbfe8f1db40f
2026-05-16 16:50:21,350 workspaces-ERPnext-frappe-bench:default: Job OK (business.localhost||0e8fb7f1-1423-4273-a981-6a87e74d22ac)
2026-05-16 16:50:21,351 Result is kept for 600 seconds
2026-05-16 16:50:21,360 workspaces-ERPnext-frappe-bench:default: frappe.utils.background_jobs.execute_job(event=None, is_async=True, job_name='frappe.model.delete_doc.delete_dynamic_links', kwargs={'doctype': 'Property Setter', 'name': 'Purchase Invoice-rounded_total-prin..., method='frappe.model.delete_doc.delete_dynamic_links', site='business.localhost', user='Administrator') (business.localhost||502cf7a1-3bd9-414e-a44f-3c7c107babdb)
2026-05-16 16:50:21,430 Successfully completed frappe.utils.background_jobs.execute_job(event=None, is_async=True, job_name='frappe.model.delete_doc.delete_dynamic_links', kwargs={'doctype': 'Property Setter', 'name': 'Purchase Invoice-rounded_total-prin..., method='frappe.model.delete_doc.delete_dynamic_links', site='business.localhost', user='Administrator') job in 0:00:00.061069s on worker 7a88edaa7fe84359ad70fbfe8f1db40f
2026-05-16 16:50:21,430 workspaces-ERPnext-frappe-bench:default: Job OK (business.localhost||502cf7a1-3bd9-414e-a44f-3c7c107babdb)
2026-05-16 16:50:21,431 Result is kept for 600 seconds
2026-05-16 16:50:21,439 workspaces-ERPnext-frappe-bench:default: frappe.utils.background_jobs.execute_job(event=None, is_async=True, job_name='frappe.model.delete_doc.delete_dynamic_links', kwargs={'doctype': 'Property Setter', 'name': 'Purchase Invoice-disable_rounded_to..., method='frappe.model.delete_doc.delete_dynamic_links', site='business.localhost', user='Administrator') (business.localhost||6651b66c-7b62-442e-968e-d7abe1189419)
2026-05-16 16:50:21,487 Successfully completed frappe.utils.background_jobs.execute_job(event=None, is_async=True, job_name='frappe.model.delete_doc.delete_dynamic_links', kwargs={'doctype': 'Property Setter', 'name': 'Purchase Invoice-disable_rounded_to..., method='frappe.model.delete_doc.delete_dynamic_links', site='business.localhost', user='Administrator') job in 0:00:00.039903s on worker 7a88edaa7fe84359ad70fbfe8f1db40f
2026-05-16 16:50:21,487 workspaces-ERPnext-frappe-bench:default: Job OK (business.localhost||6651b66c-7b62-442e-968e-d7abe1189419)
2026-05-16 16:50:21,487 Result is kept for 600 seconds
2026-05-16 16:50:21,494 workspaces-ERPnext-frappe-bench:default: frappe.utils.background_jobs.execute_job(event=None, is_async=True, job_name='frappe.model.delete_doc.delete_dynamic_links', kwargs={'doctype': 'Property Setter', 'name': 'Purchase Receipt-base_rounded_total..., method='frappe.model.delete_doc.delete_dynamic_links', site='business.localhost', user='Administrator') (business.localhost||bdcc1fab-5649-4021-82df-51648c43699b)
2026-05-16 16:50:21,550 Successfully completed frappe.utils.background_jobs.execute_job(event=None, is_async=True, job_name='frappe.model.delete_doc.delete_dynamic_links', kwargs={'doctype': 'Property Setter', 'name': 'Purchase Receipt-base_rounded_total..., method='frappe.model.delete_doc.delete_dynamic_links', site='business.localhost', user='Administrator') job in 0:00:00.050295s on worker 7a88edaa7fe84359ad70fbfe8f1db40f
2026-05-16 16:50:21,550 workspaces-ERPnext-frappe-bench:default: Job OK (business.localhost||bdcc1fab-5649-4021-82df-51648c43699b)
2026-05-16 16:50:21,550 Result is kept for 600 seconds
2026-05-16 16:50:21,556 workspaces-ERPnext-frappe-bench:default: frappe.utils.background_jobs.execute_job(event=None, is_async=True, job_name='frappe.model.delete_doc.delete_dynamic_links', kwargs={'doctype': 'Property Setter', 'name': 'Purchase Receipt-base_rounded_total..., method='frappe.model.delete_doc.delete_dynamic_links', site='business.localhost', user='Administrator') (business.localhost||e7d92ecb-5be6-4494-9cf1-d6de41515cb0)
2026-05-16 16:50:21,607 Successfully completed frappe.utils.background_jobs.execute_job(event=None, is_async=True, job_name='frappe.model.delete_doc.delete_dynamic_links', kwargs={'doctype': 'Property Setter', 'name': 'Purchase Receipt-base_rounded_total..., method='frappe.model.delete_doc.delete_dynamic_links', site='business.localhost', user='Administrator') job in 0:00:00.044556s on worker 7a88edaa7fe84359ad70fbfe8f1db40f
2026-05-16 16:50:21,607 workspaces-ERPnext-frappe-bench:default: Job OK (business.localhost||e7d92ecb-5be6-4494-9cf1-d6de41515cb0)
2026-05-16 16:50:21,607 Result is kept for 600 seconds
2026-05-16 16:50:21,612 workspaces-ERPnext-frappe-bench:default: frappe.utils.background_jobs.execute_job(event=None, is_async=True, job_name='frappe.model.delete_doc.delete_dynamic_links', kwargs={'doctype': 'Property Setter', 'name': 'Purchase Receipt-rounded_total-hidd..., method='frappe.model.delete_doc.delete_dynamic_links', site='business.localhost', user='Administrator') (business.localhost||5e0cac06-a36c-4cd5-8936-3008ea548b71)
2026-05-16 16:50:21,666 Successfully completed frappe.utils.background_jobs.execute_job(event=None, is_async=True, job_name='frappe.model.delete_doc.delete_dynamic_links', kwargs={'doctype': 'Property Setter', 'name': 'Purchase Receipt-rounded_total-hidd..., method='frappe.model.delete_doc.delete_dynamic_links', site='business.localhost', user='Administrator') job in 0:00:00.046183s on worker 7a88edaa7fe84359ad70fbfe8f1db40f
2026-05-16 16:50:21,666 workspaces-ERPnext-frappe-bench:default: Job OK (business.localhost||5e0cac06-a36c-4cd5-8936-3008ea548b71)
2026-05-16 16:50:21,666 Result is kept for 600 seconds
2026-05-16 16:50:21,672 workspaces-ERPnext-frappe-bench:default: frappe.utils.background_jobs.execute_job(event=None, is_async=True, job_name='frappe.model.delete_doc.delete_dynamic_links', kwargs={'doctype': 'Property Setter', 'name': 'Purchase Receipt-rounded_total-prin..., method='frappe.model.delete_doc.delete_dynamic_links', site='business.localhost', user='Administrator') (business.localhost||90faca59-a562-4458-b590-6e1f38f9c744)
2026-05-16 16:50:21,718 Successfully completed frappe.utils.background_jobs.execute_job(event=None, is_async=True, job_name='frappe.model.delete_doc.delete_dynamic_links', kwargs={'doctype': 'Property Setter', 'name': 'Purchase Receipt-rounded_total-prin..., method='frappe.model.delete_doc.delete_dynamic_links', site='business.localhost', user='Administrator') job in 0:00:00.040146s on worker 7a88edaa7fe84359ad70fbfe8f1db40f
2026-05-16 16:50:21,718 workspaces-ERPnext-frappe-bench:default: Job OK (business.localhost||90faca59-a562-4458-b590-6e1f38f9c744)
2026-05-16 16:50:21,718 Result is kept for 600 seconds
2026-05-16 16:50:21,735 workspaces-ERPnext-frappe-bench:default: frappe.utils.background_jobs.execute_job(event=None, is_async=True, job_name='frappe.model.delete_doc.delete_dynamic_links', kwargs={'doctype': 'Property Setter', 'name': 'Purchase Receipt-disable_rounded_to..., method='frappe.model.delete_doc.delete_dynamic_links', site='business.localhost', user='Administrator') (business.localhost||a94f62e6-9178-49d0-8406-c524ec9925fd)
2026-05-16 16:50:21,800 Successfully completed frappe.utils.background_jobs.execute_job(event=None, is_async=True, job_name='frappe.model.delete_doc.delete_dynamic_links', kwargs={'doctype': 'Property Setter', 'name': 'Purchase Receipt-disable_rounded_to..., method='frappe.model.delete_doc.delete_dynamic_links', site='business.localhost', user='Administrator') job in 0:00:00.056778s on worker 7a88edaa7fe84359ad70fbfe8f1db40f
2026-05-16 16:50:21,800 workspaces-ERPnext-frappe-bench:default: Job OK (business.localhost||a94f62e6-9178-49d0-8406-c524ec9925fd)
2026-05-16 16:50:21,800 Result is kept for 600 seconds
2026-05-16 16:50:21,809 workspaces-ERPnext-frappe-bench:default: frappe.utils.background_jobs.execute_job(event=None, is_async=True, job_name='frappe.model.delete_doc.delete_dynamic_links', kwargs={'doctype': 'Property Setter', 'name': 'Quotation-in_words-hidden'}, method='frappe.model.delete_doc.delete_dynamic_links', site='business.localhost', user='Administrator') (business.localhost||660ad69a-0f74-4bc4-8d8b-43bad036738f)
2026-05-16 16:50:21,879 Successfully completed frappe.utils.background_jobs.execute_job(event=None, is_async=True, job_name='frappe.model.delete_doc.delete_dynamic_links', kwargs={'doctype': 'Property Setter', 'name': 'Quotation-in_words-hidden'}, method='frappe.model.delete_doc.delete_dynamic_links', site='business.localhost', user='Administrator') job in 0:00:00.059863s on worker 7a88edaa7fe84359ad70fbfe8f1db40f
2026-05-16 16:50:21,879 workspaces-ERPnext-frappe-bench:default: Job OK (business.localhost||660ad69a-0f74-4bc4-8d8b-43bad036738f)
2026-05-16 16:50:21,879 Result is kept for 600 seconds
2026-05-16 16:50:21,890 workspaces-ERPnext-frappe-bench:default: frappe.utils.background_jobs.execute_job(event=None, is_async=True, job_name='frappe.model.delete_doc.delete_dynamic_links', kwargs={'doctype': 'Property Setter', 'name': 'Quotation-in_words-print_hide'}, method='frappe.model.delete_doc.delete_dynamic_links', site='business.localhost', user='Administrator') (business.localhost||4c21bf89-6881-4db1-85cf-e9f57787d1d4)
2026-05-16 16:50:21,942 Successfully completed frappe.utils.background_jobs.execute_job(event=None, is_async=True, job_name='frappe.model.delete_doc.delete_dynamic_links', kwargs={'doctype': 'Property Setter', 'name': 'Quotation-in_words-print_hide'}, method='frappe.model.delete_doc.delete_dynamic_links', site='business.localhost', user='Administrator') job in 0:00:00.044395s on worker 7a88edaa7fe84359ad70fbfe8f1db40f
2026-05-16 16:50:21,942 workspaces-ERPnext-frappe-bench:default: Job OK (business.localhost||4c21bf89-6881-4db1-85cf-e9f57787d1d4)
2026-05-16 16:50:21,942 Result is kept for 600 seconds
2026-05-16 16:50:21,949 workspaces-ERPnext-frappe-bench:default: frappe.utils.background_jobs.execute_job(event=None, is_async=True, job_name='frappe.model.delete_doc.delete_dynamic_links', kwargs={'doctype': 'Property Setter', 'name': 'Sales Order-in_words-hidden'}, method='frappe.model.delete_doc.delete_dynamic_links', site='business.localhost', user='Administrator') (business.localhost||e7cc494d-ea7f-446c-9f97-8d491ce42312)
2026-05-16 16:50:22,019 Successfully completed frappe.utils.background_jobs.execute_job(event=None, is_async=True, job_name='frappe.model.delete_doc.delete_dynamic_links', kwargs={'doctype': 'Property Setter', 'name': 'Sales Order-in_words-hidden'}, method='frappe.model.delete_doc.delete_dynamic_links', site='business.localhost', user='Administrator') job in 0:00:00.061871s on worker 7a88edaa7fe84359ad70fbfe8f1db40f
2026-05-16 16:50:22,019 workspaces-ERPnext-frappe-bench:default: Job OK (business.localhost||e7cc494d-ea7f-446c-9f97-8d491ce42312)
2026-05-16 16:50:22,019 Result is kept for 600 seconds
2026-05-16 16:50:22,032 workspaces-ERPnext-frappe-bench:default: frappe.utils.background_jobs.execute_job(event=None, is_async=True, job_name='frappe.model.delete_doc.delete_dynamic_links', kwargs={'doctype': 'Property Setter', 'name': 'Sales Order-in_words-print_hide'}, method='frappe.model.delete_doc.delete_dynamic_links', site='business.localhost', user='Administrator') (business.localhost||de1553ab-2b7e-41a8-9942-05478f8bda94)
2026-05-16 16:50:22,113 Successfully completed frappe.utils.background_jobs.execute_job(event=None, is_async=True, job_name='frappe.model.delete_doc.delete_dynamic_links', kwargs={'doctype': 'Property Setter', 'name': 'Sales Order-in_words-print_hide'}, method='frappe.model.delete_doc.delete_dynamic_links', site='business.localhost', user='Administrator') job in 0:00:00.069736s on worker 7a88edaa7fe84359ad70fbfe8f1db40f
2026-05-16 16:50:22,114 workspaces-ERPnext-frappe-bench:default: Job OK (business.localhost||de1553ab-2b7e-41a8-9942-05478f8bda94)
2026-05-16 16:50:22,114 Result is kept for 600 seconds
2026-05-16 16:50:22,129 workspaces-ERPnext-frappe-bench:default: frappe.utils.background_jobs.execute_job(event=None, is_async=True, job_name='frappe.model.delete_doc.delete_dynamic_links', kwargs={'doctype': 'Property Setter', 'name': 'Sales Invoice-in_words-hidden'}, method='frappe.model.delete_doc.delete_dynamic_links', site='business.localhost', user='Administrator') (business.localhost||9f3215a9-ca44-4e0b-9522-cce11661c113)
2026-05-16 16:50:22,223 Successfully completed frappe.utils.background_jobs.execute_job(event=None, is_async=True, job_name='frappe.model.delete_doc.delete_dynamic_links', kwargs={'doctype': 'Property Setter', 'name': 'Sales Invoice-in_words-hidden'}, method='frappe.model.delete_doc.delete_dynamic_links', site='business.localhost', user='Administrator') job in 0:00:00.078487s on worker 7a88edaa7fe84359ad70fbfe8f1db40f
2026-05-16 16:50:22,223 workspaces-ERPnext-frappe-bench:default: Job OK (business.localhost||9f3215a9-ca44-4e0b-9522-cce11661c113)
2026-05-16 16:50:22,223 Result is kept for 600 seconds
2026-05-16 16:50:22,231 workspaces-ERPnext-frappe-bench:default: frappe.utils.background_jobs.execute_job(event=None, is_async=True, job_name='frappe.model.delete_doc.delete_dynamic_links', kwargs={'doctype': 'Property Setter', 'name': 'Sales Invoice-in_words-print_hide'}, method='frappe.model.delete_doc.delete_dynamic_links', site='business.localhost', user='Administrator') (business.localhost||a280784e-8079-49bd-9dde-90594f51199f)
2026-05-16 16:50:22,338 Successfully completed frappe.utils.background_jobs.execute_job(event=None, is_async=True, job_name='frappe.model.delete_doc.delete_dynamic_links', kwargs={'doctype': 'Property Setter', 'name': 'Sales Invoice-in_words-print_hide'}, method='frappe.model.delete_doc.delete_dynamic_links', site='business.localhost', user='Administrator') job in 0:00:00.098394s on worker 7a88edaa7fe84359ad70fbfe8f1db40f
2026-05-16 16:50:22,338 workspaces-ERPnext-frappe-bench:default: Job OK (business.localhost||a280784e-8079-49bd-9dde-90594f51199f)
2026-05-16 16:50:22,339 Result is kept for 600 seconds
2026-05-16 16:50:22,348 workspaces-ERPnext-frappe-bench:default: frappe.utils.background_jobs.execute_job(event=None, is_async=True, job_name='frappe.model.delete_doc.delete_dynamic_links', kwargs={'doctype': 'Property Setter', 'name': 'Delivery Note-in_words-hidden'}, method='frappe.model.delete_doc.delete_dynamic_links', site='business.localhost', user='Administrator') (business.localhost||d44b6315-04bc-4f9f-af4a-b51ff21026ed)
2026-05-16 16:50:22,422 Successfully completed frappe.utils.background_jobs.execute_job(event=None, is_async=True, job_name='frappe.model.delete_doc.delete_dynamic_links', kwargs={'doctype': 'Property Setter', 'name': 'Delivery Note-in_words-hidden'}, method='frappe.model.delete_doc.delete_dynamic_links', site='business.localhost', user='Administrator') job in 0:00:00.060395s on worker 7a88edaa7fe84359ad70fbfe8f1db40f
2026-05-16 16:50:22,422 workspaces-ERPnext-frappe-bench:default: Job OK (business.localhost||d44b6315-04bc-4f9f-af4a-b51ff21026ed)
2026-05-16 16:50:22,422 Result is kept for 600 seconds
2026-05-16 16:50:22,428 workspaces-ERPnext-frappe-bench:default: frappe.utils.background_jobs.execute_job(event=None, is_async=True, job_name='frappe.model.delete_doc.delete_dynamic_links', kwargs={'doctype': 'Property Setter', 'name': 'Delivery Note-in_words-print_hide'}, method='frappe.model.delete_doc.delete_dynamic_links', site='business.localhost', user='Administrator') (business.localhost||2b806569-3362-44ff-8c67-2bfd01db3f8f)
2026-05-16 16:50:22,475 Successfully completed frappe.utils.background_jobs.execute_job(event=None, is_async=True, job_name='frappe.model.delete_doc.delete_dynamic_links', kwargs={'doctype': 'Property Setter', 'name': 'Delivery Note-in_words-print_hide'}, method='frappe.model.delete_doc.delete_dynamic_links', site='business.localhost', user='Administrator') job in 0:00:00.040570s on worker 7a88edaa7fe84359ad70fbfe8f1db40f
2026-05-16 16:50:22,475 workspaces-ERPnext-frappe-bench:default: Job OK (business.localhost||2b806569-3362-44ff-8c67-2bfd01db3f8f)
2026-05-16 16:50:22,475 Result is kept for 600 seconds
2026-05-16 16:50:22,481 workspaces-ERPnext-frappe-bench:default: frappe.utils.background_jobs.execute_job(event=None, is_async=True, job_name='frappe.model.delete_doc.delete_dynamic_links', kwargs={'doctype': 'Property Setter', 'name': 'Supplier Quotation-in_words-hidden'..., method='frappe.model.delete_doc.delete_dynamic_links', site='business.localhost', user='Administrator') (business.localhost||46ebf57c-55e0-4ad0-94ef-f75cc7a243a2)
2026-05-16 16:50:22,529 Successfully completed frappe.utils.background_jobs.execute_job(event=None, is_async=True, job_name='frappe.model.delete_doc.delete_dynamic_links', kwargs={'doctype': 'Property Setter', 'name': 'Supplier Quotation-in_words-hidden'..., method='frappe.model.delete_doc.delete_dynamic_links', site='business.localhost', user='Administrator') job in 0:00:00.042117s on worker 7a88edaa7fe84359ad70fbfe8f1db40f
2026-05-16 16:50:22,529 workspaces-ERPnext-frappe-bench:default: Job OK (business.localhost||46ebf57c-55e0-4ad0-94ef-f75cc7a243a2)
2026-05-16 16:50:22,529 Result is kept for 600 seconds
2026-05-16 16:50:22,536 workspaces-ERPnext-frappe-bench:default: frappe.utils.background_jobs.execute_job(event=None, is_async=True, job_name='frappe.model.delete_doc.delete_dynamic_links', kwargs={'doctype': 'Property Setter', 'name': 'Supplier Quotation-in_words-print_h..., method='frappe.model.delete_doc.delete_dynamic_links', site='business.localhost', user='Administrator') (business.localhost||489e910e-b887-48ce-9e70-ddef1bf3e4b2)
2026-05-16 16:50:22,585 Successfully completed frappe.utils.background_jobs.execute_job(event=None, is_async=True, job_name='frappe.model.delete_doc.delete_dynamic_links', kwargs={'doctype': 'Property Setter', 'name': 'Supplier Quotation-in_words-print_h..., method='frappe.model.delete_doc.delete_dynamic_links', site='business.localhost', user='Administrator') job in 0:00:00.042797s on worker 7a88edaa7fe84359ad70fbfe8f1db40f
2026-05-16 16:50:22,585 workspaces-ERPnext-frappe-bench:default: Job OK (business.localhost||489e910e-b887-48ce-9e70-ddef1bf3e4b2)
2026-05-16 16:50:22,586 Result is kept for 600 seconds
2026-05-16 16:50:22,593 workspaces-ERPnext-frappe-bench:default: frappe.utils.background_jobs.execute_job(event=None, is_async=True, job_name='frappe.model.delete_doc.delete_dynamic_links', kwargs={'doctype': 'Property Setter', 'name': 'Purchase Order-in_words-hidden'}, method='frappe.model.delete_doc.delete_dynamic_links', site='business.localhost', user='Administrator') (business.localhost||5137702c-32f8-41a9-b3c1-b7d7e34b6692)
2026-05-16 16:50:22,643 Successfully completed frappe.utils.background_jobs.execute_job(event=None, is_async=True, job_name='frappe.model.delete_doc.delete_dynamic_links', kwargs={'doctype': 'Property Setter', 'name': 'Purchase Order-in_words-hidden'}, method='frappe.model.delete_doc.delete_dynamic_links', site='business.localhost', user='Administrator') job in 0:00:00.042559s on worker 7a88edaa7fe84359ad70fbfe8f1db40f
2026-05-16 16:50:22,643 workspaces-ERPnext-frappe-bench:default: Job OK (business.localhost||5137702c-32f8-41a9-b3c1-b7d7e34b6692)
2026-05-16 16:50:22,643 Result is kept for 600 seconds
2026-05-16 16:50:22,651 workspaces-ERPnext-frappe-bench:default: frappe.utils.background_jobs.execute_job(event=None, is_async=True, job_name='frappe.model.delete_doc.delete_dynamic_links', kwargs={'doctype': 'Property Setter', 'name': 'Purchase Order-in_words-print_hide'..., method='frappe.model.delete_doc.delete_dynamic_links', site='business.localhost', user='Administrator') (business.localhost||7511b5ef-eb8b-4040-9ca5-eb6cf5b84076)
2026-05-16 16:50:22,804 Successfully completed frappe.utils.background_jobs.execute_job(event=None, is_async=True, job_name='frappe.model.delete_doc.delete_dynamic_links', kwargs={'doctype': 'Property Setter', 'name': 'Purchase Order-in_words-print_hide'..., method='frappe.model.delete_doc.delete_dynamic_links', site='business.localhost', user='Administrator') job in 0:00:00.141837s on worker 7a88edaa7fe84359ad70fbfe8f1db40f
2026-05-16 16:50:22,804 workspaces-ERPnext-frappe-bench:default: Job OK (business.localhost||7511b5ef-eb8b-4040-9ca5-eb6cf5b84076)
2026-05-16 16:50:22,804 Result is kept for 600 seconds
2026-05-16 16:50:22,812 workspaces-ERPnext-frappe-bench:default: frappe.utils.background_jobs.execute_job(event=None, is_async=True, job_name='frappe.model.delete_doc.delete_dynamic_links', kwargs={'doctype': 'Property Setter', 'name': 'Purchase Invoice-in_words-hidden'}, method='frappe.model.delete_doc.delete_dynamic_links', site='business.localhost', user='Administrator') (business.localhost||c22a771e-ac4a-436b-9a69-61f2dc37bc38)
2026-05-16 16:50:22,994 Successfully completed frappe.utils.background_jobs.execute_job(event=None, is_async=True, job_name='frappe.model.delete_doc.delete_dynamic_links', kwargs={'doctype': 'Property Setter', 'name': 'Purchase Invoice-in_words-hidden'}, method='frappe.model.delete_doc.delete_dynamic_links', site='business.localhost', user='Administrator') job in 0:00:00.169658s on worker 7a88edaa7fe84359ad70fbfe8f1db40f
2026-05-16 16:50:22,995 workspaces-ERPnext-frappe-bench:default: Job OK (business.localhost||c22a771e-ac4a-436b-9a69-61f2dc37bc38)
2026-05-16 16:50:22,995 Result is kept for 600 seconds
2026-05-16 16:50:23,028 workspaces-ERPnext-frappe-bench:default: frappe.utils.background_jobs.execute_job(event=None, is_async=True, job_name='frappe.model.delete_doc.delete_dynamic_links', kwargs={'doctype': 'Property Setter', 'name': 'Purchase Invoice-in_words-print_hid..., method='frappe.model.delete_doc.delete_dynamic_links', site='business.localhost', user='Administrator') (business.localhost||235f79f8-6cfb-41ea-b70e-9581feb70720)
2026-05-16 16:50:23,265 Successfully completed frappe.utils.background_jobs.execute_job(event=None, is_async=True, job_name='frappe.model.delete_doc.delete_dynamic_links', kwargs={'doctype': 'Property Setter', 'name': 'Purchase Invoice-in_words-print_hid..., method='frappe.model.delete_doc.delete_dynamic_links', site='business.localhost', user='Administrator') job in 0:00:00.202542s on worker 7a88edaa7fe84359ad70fbfe8f1db40f
2026-05-16 16:50:23,266 workspaces-ERPnext-frappe-bench:default: Job OK (business.localhost||235f79f8-6cfb-41ea-b70e-9581feb70720)
2026-05-16 16:50:23,266 Result is kept for 600 seconds
2026-05-16 16:50:23,275 workspaces-ERPnext-frappe-bench:default: frappe.utils.background_jobs.execute_job(event=None, is_async=True, job_name='frappe.model.delete_doc.delete_dynamic_links', kwargs={'doctype': 'Property Setter', 'name': 'Purchase Receipt-in_words-hidden'}, method='frappe.model.delete_doc.delete_dynamic_links', site='business.localhost', user='Administrator') (business.localhost||94f8a7bb-21c0-4ac5-9319-b549cb88b7f7)
2026-05-16 16:50:23,353 Successfully completed frappe.utils.background_jobs.execute_job(event=None, is_async=True, job_name='frappe.model.delete_doc.delete_dynamic_links', kwargs={'doctype': 'Property Setter', 'name': 'Purchase Receipt-in_words-hidden'}, method='frappe.model.delete_doc.delete_dynamic_links', site='business.localhost', user='Administrator') job in 0:00:00.067054s on worker 7a88edaa7fe84359ad70fbfe8f1db40f
2026-05-16 16:50:23,353 workspaces-ERPnext-frappe-bench:default: Job OK (business.localhost||94f8a7bb-21c0-4ac5-9319-b549cb88b7f7)
2026-05-16 16:50:23,353 Result is kept for 600 seconds
2026-05-16 16:50:23,362 workspaces-ERPnext-frappe-bench:default: frappe.utils.background_jobs.execute_job(event=None, is_async=True, job_name='frappe.model.delete_doc.delete_dynamic_links', kwargs={'doctype': 'Property Setter', 'name': 'Purchase Receipt-in_words-print_hid..., method='frappe.model.delete_doc.delete_dynamic_links', site='business.localhost', user='Administrator') (business.localhost||656a875f-f090-44ed-99f5-50d71bde49a8)
2026-05-16 16:50:23,441 Successfully completed frappe.utils.background_jobs.execute_job(event=None, is_async=True, job_name='frappe.model.delete_doc.delete_dynamic_links', kwargs={'doctype': 'Property Setter', 'name': 'Purchase Receipt-in_words-print_hid..., method='frappe.model.delete_doc.delete_dynamic_links', site='business.localhost', user='Administrator') job in 0:00:00.069969s on worker 7a88edaa7fe84359ad70fbfe8f1db40f
2026-05-16 16:50:23,441 workspaces-ERPnext-frappe-bench:default: Job OK (business.localhost||656a875f-f090-44ed-99f5-50d71bde49a8)
2026-05-16 16:50:23,441 Result is kept for 600 seconds
2026-05-16 16:50:23,450 workspaces-ERPnext-frappe-bench:default: frappe.utils.background_jobs.execute_job(event=None, is_async=True, job_name='frappe.model.delete_doc.delete_dynamic_links', kwargs={'doctype': 'Property Setter', 'name': 'Item-naming_series-reqd'}, method='frappe.model.delete_doc.delete_dynamic_links', site='business.localhost', user='Administrator') (business.localhost||ebba412f-ca44-4b36-915d-349b88fc0ab8)
2026-05-16 16:50:23,519 Successfully completed frappe.utils.background_jobs.execute_job(event=None, is_async=True, job_name='frappe.model.delete_doc.delete_dynamic_links', kwargs={'doctype': 'Property Setter', 'name': 'Item-naming_series-reqd'}, method='frappe.model.delete_doc.delete_dynamic_links', site='business.localhost', user='Administrator') job in 0:00:00.059805s on worker 7a88edaa7fe84359ad70fbfe8f1db40f
2026-05-16 16:50:23,519 workspaces-ERPnext-frappe-bench:default: Job OK (business.localhost||ebba412f-ca44-4b36-915d-349b88fc0ab8)
2026-05-16 16:50:23,519 Result is kept for 600 seconds
2026-05-16 16:50:23,537 workspaces-ERPnext-frappe-bench:default: frappe.utils.background_jobs.execute_job(event=None, is_async=True, job_name='frappe.model.delete_doc.delete_dynamic_links', kwargs={'doctype': 'Property Setter', 'name': 'Item-naming_series-hidden'}, method='frappe.model.delete_doc.delete_dynamic_links', site='business.localhost', user='Administrator') (business.localhost||53dc6124-51c3-48cc-acd2-5b9152b9f034)
2026-05-16 16:50:23,619 Successfully completed frappe.utils.background_jobs.execute_job(event=None, is_async=True, job_name='frappe.model.delete_doc.delete_dynamic_links', kwargs={'doctype': 'Property Setter', 'name': 'Item-naming_series-hidden'}, method='frappe.model.delete_doc.delete_dynamic_links', site='business.localhost', user='Administrator') job in 0:00:00.072820s on worker 7a88edaa7fe84359ad70fbfe8f1db40f
2026-05-16 16:50:23,619 workspaces-ERPnext-frappe-bench:default: Job OK (business.localhost||53dc6124-51c3-48cc-acd2-5b9152b9f034)
2026-05-16 16:50:23,620 Result is kept for 600 seconds
2026-05-16 16:50:23,629 workspaces-ERPnext-frappe-bench:default: frappe.utils.background_jobs.execute_job(event=None, is_async=True, job_name='frappe.model.delete_doc.delete_dynamic_links', kwargs={'doctype': 'Property Setter', 'name': 'Item-item_code-hidden'}, method='frappe.model.delete_doc.delete_dynamic_links', site='business.localhost', user='Administrator') (business.localhost||4c491e72-4b0f-402e-91ce-da4e786ed862)
2026-05-16 16:50:23,688 Successfully completed frappe.utils.background_jobs.execute_job(event=None, is_async=True, job_name='frappe.model.delete_doc.delete_dynamic_links', kwargs={'doctype': 'Property Setter', 'name': 'Item-item_code-hidden'}, method='frappe.model.delete_doc.delete_dynamic_links', site='business.localhost', user='Administrator') job in 0:00:00.049525s on worker 7a88edaa7fe84359ad70fbfe8f1db40f
2026-05-16 16:50:23,689 workspaces-ERPnext-frappe-bench:default: Job OK (business.localhost||4c491e72-4b0f-402e-91ce-da4e786ed862)
2026-05-16 16:50:23,689 Result is kept for 600 seconds
2026-05-16 16:50:23,695 workspaces-ERPnext-frappe-bench:default: frappe.utils.background_jobs.execute_job(event=None, is_async=True, job_name='frappe.model.delete_doc.delete_dynamic_links', kwargs={'doctype': 'Property Setter', 'name': 'Item-item_code-reqd'}, method='frappe.model.delete_doc.delete_dynamic_links', site='business.localhost', user='Administrator') (business.localhost||5b0ebcca-0931-4af0-9861-1dc22334e5c2)
2026-05-16 16:50:23,740 Successfully completed frappe.utils.background_jobs.execute_job(event=None, is_async=True, job_name='frappe.model.delete_doc.delete_dynamic_links', kwargs={'doctype': 'Property Setter', 'name': 'Item-item_code-reqd'}, method='frappe.model.delete_doc.delete_dynamic_links', site='business.localhost', user='Administrator') job in 0:00:00.039343s on worker 7a88edaa7fe84359ad70fbfe8f1db40f
2026-05-16 16:50:23,740 workspaces-ERPnext-frappe-bench:default: Job OK (business.localhost||5b0ebcca-0931-4af0-9861-1dc22334e5c2)
2026-05-16 16:50:23,740 Result is kept for 600 seconds
2026-05-16 16:50:23,748 workspaces-ERPnext-frappe-bench:default: frappe.utils.background_jobs.execute_job(event=None, is_async=True, job_name='frappe.model.delete_doc.delete_dynamic_links', kwargs={'doctype': 'Property Setter', 'name': 'POS Invoice Item-barcode-hidden'}, method='frappe.model.delete_doc.delete_dynamic_links', site='business.localhost', user='Administrator') (business.localhost||a0f2cf2d-4317-4413-81ea-c9ea7230075f)
2026-05-16 16:50:23,852 Successfully completed frappe.utils.background_jobs.execute_job(event=None, is_async=True, job_name='frappe.model.delete_doc.delete_dynamic_links', kwargs={'doctype': 'Property Setter', 'name': 'POS Invoice Item-barcode-hidden'}, method='frappe.model.delete_doc.delete_dynamic_links', site='business.localhost', user='Administrator') job in 0:00:00.094641s on worker 7a88edaa7fe84359ad70fbfe8f1db40f
2026-05-16 16:50:23,852 workspaces-ERPnext-frappe-bench:default: Job OK (business.localhost||a0f2cf2d-4317-4413-81ea-c9ea7230075f)
2026-05-16 16:50:23,852 Result is kept for 600 seconds
2026-05-16 16:50:23,862 workspaces-ERPnext-frappe-bench:default: frappe.utils.background_jobs.execute_job(event=None, is_async=True, job_name='frappe.model.delete_doc.delete_dynamic_links', kwargs={'doctype': 'Property Setter', 'name': 'Sales Invoice Item-barcode-hidden'}, method='frappe.model.delete_doc.delete_dynamic_links', site='business.localhost', user='Administrator') (business.localhost||1270c07b-b236-49de-bc37-cd8ab1dbbf6f)
2026-05-16 16:50:23,944 Successfully completed frappe.utils.background_jobs.execute_job(event=None, is_async=True, job_name='frappe.model.delete_doc.delete_dynamic_links', kwargs={'doctype': 'Property Setter', 'name': 'Sales Invoice Item-barcode-hidden'}, method='frappe.model.delete_doc.delete_dynamic_links', site='business.localhost', user='Administrator') job in 0:00:00.071823s on worker 7a88edaa7fe84359ad70fbfe8f1db40f
2026-05-16 16:50:23,944 workspaces-ERPnext-frappe-bench:default: Job OK (business.localhost||1270c07b-b236-49de-bc37-cd8ab1dbbf6f)
2026-05-16 16:50:23,944 Result is kept for 600 seconds
2026-05-16 16:50:23,954 workspaces-ERPnext-frappe-bench:default: frappe.utils.background_jobs.execute_job(event=None, is_async=True, job_name='frappe.model.delete_doc.delete_dynamic_links', kwargs={'doctype': 'Property Setter', 'name': 'Job Card-barcode-hidden'}, method='frappe.model.delete_doc.delete_dynamic_links', site='business.localhost', user='Administrator') (business.localhost||a7151543-243c-4445-8728-43e17a7f595a)
2026-05-16 16:50:24,027 Successfully completed frappe.utils.background_jobs.execute_job(event=None, is_async=True, job_name='frappe.model.delete_doc.delete_dynamic_links', kwargs={'doctype': 'Property Setter', 'name': 'Job Card-barcode-hidden'}, method='frappe.model.delete_doc.delete_dynamic_links', site='business.localhost', user='Administrator') job in 0:00:00.063574s on worker 7a88edaa7fe84359ad70fbfe8f1db40f
2026-05-16 16:50:24,028 workspaces-ERPnext-frappe-bench:default: Job OK (business.localhost||a7151543-243c-4445-8728-43e17a7f595a)
2026-05-16 16:50:24,028 Result is kept for 600 seconds
2026-05-16 16:50:24,035 workspaces-ERPnext-frappe-bench:default: frappe.utils.background_jobs.execute_job(event=None, is_async=True, job_name='frappe.model.delete_doc.delete_dynamic_links', kwargs={'doctype': 'Property Setter', 'name': 'Delivery Note Item-barcode-hidden'}, method='frappe.model.delete_doc.delete_dynamic_links', site='business.localhost', user='Administrator') (business.localhost||07f4487c-394c-408a-aec1-92aea1df8f2d)
2026-05-16 16:50:24,085 Successfully completed frappe.utils.background_jobs.execute_job(event=None, is_async=True, job_name='frappe.model.delete_doc.delete_dynamic_links', kwargs={'doctype': 'Property Setter', 'name': 'Delivery Note Item-barcode-hidden'}, method='frappe.model.delete_doc.delete_dynamic_links', site='business.localhost', user='Administrator') job in 0:00:00.044242s on worker 7a88edaa7fe84359ad70fbfe8f1db40f
2026-05-16 16:50:24,086 workspaces-ERPnext-frappe-bench:default: Job OK (business.localhost||07f4487c-394c-408a-aec1-92aea1df8f2d)
2026-05-16 16:50:24,086 Result is kept for 600 seconds
2026-05-16 16:50:24,093 workspaces-ERPnext-frappe-bench:default: frappe.utils.background_jobs.execute_job(event=None, is_async=True, job_name='frappe.model.delete_doc.delete_dynamic_links', kwargs={'doctype': 'Property Setter', 'name': 'Stock Reconciliation Item-barcode-h..., method='frappe.model.delete_doc.delete_dynamic_links', site='business.localhost', user='Administrator') (business.localhost||d4d6fab5-0860-48e0-9274-379e7f73fe4f)
2026-05-16 16:50:24,141 Successfully completed frappe.utils.background_jobs.execute_job(event=None, is_async=True, job_name='frappe.model.delete_doc.delete_dynamic_links', kwargs={'doctype': 'Property Setter', 'name': 'Stock Reconciliation Item-barcode-h..., method='frappe.model.delete_doc.delete_dynamic_links', site='business.localhost', user='Administrator') job in 0:00:00.041341s on worker 7a88edaa7fe84359ad70fbfe8f1db40f
2026-05-16 16:50:24,141 workspaces-ERPnext-frappe-bench:default: Job OK (business.localhost||d4d6fab5-0860-48e0-9274-379e7f73fe4f)
2026-05-16 16:50:24,141 Result is kept for 600 seconds
2026-05-16 16:50:24,147 workspaces-ERPnext-frappe-bench:default: frappe.utils.background_jobs.execute_job(event=None, is_async=True, job_name='frappe.model.delete_doc.delete_dynamic_links', kwargs={'doctype': 'Property Setter', 'name': 'Stock Entry Detail-barcode-hidden'}, method='frappe.model.delete_doc.delete_dynamic_links', site='business.localhost', user='Administrator') (business.localhost||909ab9a0-6508-4fb2-8e55-2bcfbac08f35)
2026-05-16 16:50:24,198 Successfully completed frappe.utils.background_jobs.execute_job(event=None, is_async=True, job_name='frappe.model.delete_doc.delete_dynamic_links', kwargs={'doctype': 'Property Setter', 'name': 'Stock Entry Detail-barcode-hidden'}, method='frappe.model.delete_doc.delete_dynamic_links', site='business.localhost', user='Administrator') job in 0:00:00.044794s on worker 7a88edaa7fe84359ad70fbfe8f1db40f
2026-05-16 16:50:24,198 workspaces-ERPnext-frappe-bench:default: Job OK (business.localhost||909ab9a0-6508-4fb2-8e55-2bcfbac08f35)
2026-05-16 16:50:24,198 Result is kept for 600 seconds
2026-05-16 16:50:24,204 workspaces-ERPnext-frappe-bench:default: frappe.utils.background_jobs.execute_job(event=None, is_async=True, job_name='frappe.model.delete_doc.delete_dynamic_links', kwargs={'doctype': 'Property Setter', 'name': 'Purchase Receipt Item-barcode-hidde..., method='frappe.model.delete_doc.delete_dynamic_links', site='business.localhost', user='Administrator') (business.localhost||c60bf88a-06fc-425e-82aa-1241db4e54ce)
2026-05-16 16:50:24,267 Successfully completed frappe.utils.background_jobs.execute_job(event=None, is_async=True, job_name='frappe.model.delete_doc.delete_dynamic_links', kwargs={'doctype': 'Property Setter', 'name': 'Purchase Receipt Item-barcode-hidde..., method='frappe.model.delete_doc.delete_dynamic_links', site='business.localhost', user='Administrator') job in 0:00:00.056836s on worker 7a88edaa7fe84359ad70fbfe8f1db40f
2026-05-16 16:50:24,267 workspaces-ERPnext-frappe-bench:default: Job OK (business.localhost||c60bf88a-06fc-425e-82aa-1241db4e54ce)
2026-05-16 16:50:24,268 Result is kept for 600 seconds
2026-05-16 16:50:24,276 workspaces-ERPnext-frappe-bench:default: frappe.utils.background_jobs.execute_job(event=None, is_async=True, job_name='frappe.model.delete_doc.delete_dynamic_links', kwargs={'doctype': 'Property Setter', 'name': 'Item Barcode-barcode-hidden'}, method='frappe.model.delete_doc.delete_dynamic_links', site='business.localhost', user='Administrator') (business.localhost||733d226a-1242-4086-bae6-90ca22aba72d)
2026-05-16 16:50:24,341 Successfully completed frappe.utils.background_jobs.execute_job(event=None, is_async=True, job_name='frappe.model.delete_doc.delete_dynamic_links', kwargs={'doctype': 'Property Setter', 'name': 'Item Barcode-barcode-hidden'}, method='frappe.model.delete_doc.delete_dynamic_links', site='business.localhost', user='Administrator') job in 0:00:00.055020s on worker 7a88edaa7fe84359ad70fbfe8f1db40f
2026-05-16 16:50:24,342 workspaces-ERPnext-frappe-bench:default: Job OK (business.localhost||733d226a-1242-4086-bae6-90ca22aba72d)
2026-05-16 16:50:24,342 Result is kept for 600 seconds
2026-05-16 16:50:24,350 workspaces-ERPnext-frappe-bench:default: frappe.utils.background_jobs.execute_job(event=None, is_async=True, job_name='frappe.model.delete_doc.delete_dynamic_links', kwargs={'doctype': 'Property Setter', 'name': 'Item-barcodes-hidden'}, method='frappe.model.delete_doc.delete_dynamic_links', site='business.localhost', user='Administrator') (business.localhost||e85b9294-7198-4906-b6f4-b61e82cfc975)
2026-05-16 16:50:24,402 Successfully completed frappe.utils.background_jobs.execute_job(event=None, is_async=True, job_name='frappe.model.delete_doc.delete_dynamic_links', kwargs={'doctype': 'Property Setter', 'name': 'Item-barcodes-hidden'}, method='frappe.model.delete_doc.delete_dynamic_links', site='business.localhost', user='Administrator') job in 0:00:00.044694s on worker 7a88edaa7fe84359ad70fbfe8f1db40f
2026-05-16 16:50:24,403 workspaces-ERPnext-frappe-bench:default: Job OK (business.localhost||e85b9294-7198-4906-b6f4-b61e82cfc975)
2026-05-16 16:50:24,403 Result is kept for 600 seconds
2026-05-16 16:50:24,409 workspaces-ERPnext-frappe-bench:default: frappe.utils.background_jobs.execute_job(event=None, is_async=True, job_name='frappe.model.delete_doc.delete_dynamic_links', kwargs={'doctype': 'Property Setter', 'name': 'Sales Invoice-scan_barcode-hidden'}, method='frappe.model.delete_doc.delete_dynamic_links', site='business.localhost', user='Administrator') (business.localhost||3ed3412e-19f9-40e6-9a8c-cb1bdaee59d5)
2026-05-16 16:50:24,455 Successfully completed frappe.utils.background_jobs.execute_job(event=None, is_async=True, job_name='frappe.model.delete_doc.delete_dynamic_links', kwargs={'doctype': 'Property Setter', 'name': 'Sales Invoice-scan_barcode-hidden'}, method='frappe.model.delete_doc.delete_dynamic_links', site='business.localhost', user='Administrator') job in 0:00:00.040999s on worker 7a88edaa7fe84359ad70fbfe8f1db40f
2026-05-16 16:50:24,456 workspaces-ERPnext-frappe-bench:default: Job OK (business.localhost||3ed3412e-19f9-40e6-9a8c-cb1bdaee59d5)
2026-05-16 16:50:24,456 Result is kept for 600 seconds
2026-05-16 16:50:24,462 workspaces-ERPnext-frappe-bench:default: frappe.utils.background_jobs.execute_job(event=None, is_async=True, job_name='frappe.model.delete_doc.delete_dynamic_links', kwargs={'doctype': 'Property Setter', 'name': 'Purchase Invoice-scan_barcode-hidde..., method='frappe.model.delete_doc.delete_dynamic_links', site='business.localhost', user='Administrator') (business.localhost||09d4f274-ce9c-47d9-bebb-311ca8c429f3)
2026-05-16 16:50:24,509 Successfully completed frappe.utils.background_jobs.execute_job(event=None, is_async=True, job_name='frappe.model.delete_doc.delete_dynamic_links', kwargs={'doctype': 'Property Setter', 'name': 'Purchase Invoice-scan_barcode-hidde..., method='frappe.model.delete_doc.delete_dynamic_links', site='business.localhost', user='Administrator') job in 0:00:00.041123s on worker 7a88edaa7fe84359ad70fbfe8f1db40f
2026-05-16 16:50:24,509 workspaces-ERPnext-frappe-bench:default: Job OK (business.localhost||09d4f274-ce9c-47d9-bebb-311ca8c429f3)
2026-05-16 16:50:24,509 Result is kept for 600 seconds
2026-05-16 16:50:24,515 workspaces-ERPnext-frappe-bench:default: frappe.utils.background_jobs.execute_job(event=None, is_async=True, job_name='frappe.model.delete_doc.delete_dynamic_links', kwargs={'doctype': 'Property Setter', 'name': 'POS Invoice-scan_barcode-hidden'}, method='frappe.model.delete_doc.delete_dynamic_links', site='business.localhost', user='Administrator') (business.localhost||9315fa4c-886e-4946-acb1-2fffe90d24fc)
2026-05-16 16:50:24,565 Successfully completed frappe.utils.background_jobs.execute_job(event=None, is_async=True, job_name='frappe.model.delete_doc.delete_dynamic_links', kwargs={'doctype': 'Property Setter', 'name': 'POS Invoice-scan_barcode-hidden'}, method='frappe.model.delete_doc.delete_dynamic_links', site='business.localhost', user='Administrator') job in 0:00:00.043077s on worker 7a88edaa7fe84359ad70fbfe8f1db40f
2026-05-16 16:50:24,565 workspaces-ERPnext-frappe-bench:default: Job OK (business.localhost||9315fa4c-886e-4946-acb1-2fffe90d24fc)
2026-05-16 16:50:24,565 Result is kept for 600 seconds
2026-05-16 16:50:24,573 workspaces-ERPnext-frappe-bench:default: frappe.utils.background_jobs.execute_job(event=None, is_async=True, job_name='frappe.model.delete_doc.delete_dynamic_links', kwargs={'doctype': 'Property Setter', 'name': 'Purchase Order-scan_barcode-hidden'..., method='frappe.model.delete_doc.delete_dynamic_links', site='business.localhost', user='Administrator') (business.localhost||9b13070b-9f24-4a48-8d90-0f759b1e77af)
2026-05-16 16:50:24,620 Successfully completed frappe.utils.background_jobs.execute_job(event=None, is_async=True, job_name='frappe.model.delete_doc.delete_dynamic_links', kwargs={'doctype': 'Property Setter', 'name': 'Purchase Order-scan_barcode-hidden'..., method='frappe.model.delete_doc.delete_dynamic_links', site='business.localhost', user='Administrator') job in 0:00:00.040393s on worker 7a88edaa7fe84359ad70fbfe8f1db40f
2026-05-16 16:50:24,621 workspaces-ERPnext-frappe-bench:default: Job OK (business.localhost||9b13070b-9f24-4a48-8d90-0f759b1e77af)
2026-05-16 16:50:24,621 Result is kept for 600 seconds
2026-05-16 16:50:24,630 workspaces-ERPnext-frappe-bench:default: frappe.utils.background_jobs.execute_job(event=None, is_async=True, job_name='frappe.model.delete_doc.delete_dynamic_links', kwargs={'doctype': 'Property Setter', 'name': 'Quotation-scan_barcode-hidden'}, method='frappe.model.delete_doc.delete_dynamic_links', site='business.localhost', user='Administrator') (business.localhost||d5b8e42d-9cb0-4970-a0ba-b925ab8dfc5f)
2026-05-16 16:50:24,678 Successfully completed frappe.utils.background_jobs.execute_job(event=None, is_async=True, job_name='frappe.model.delete_doc.delete_dynamic_links', kwargs={'doctype': 'Property Setter', 'name': 'Quotation-scan_barcode-hidden'}, method='frappe.model.delete_doc.delete_dynamic_links', site='business.localhost', user='Administrator') job in 0:00:00.040352s on worker 7a88edaa7fe84359ad70fbfe8f1db40f
2026-05-16 16:50:24,678 workspaces-ERPnext-frappe-bench:default: Job OK (business.localhost||d5b8e42d-9cb0-4970-a0ba-b925ab8dfc5f)
2026-05-16 16:50:24,678 Result is kept for 600 seconds
2026-05-16 16:50:24,684 workspaces-ERPnext-frappe-bench:default: frappe.utils.background_jobs.execute_job(event=None, is_async=True, job_name='frappe.model.delete_doc.delete_dynamic_links', kwargs={'doctype': 'Property Setter', 'name': 'Sales Order-scan_barcode-hidden'}, method='frappe.model.delete_doc.delete_dynamic_links', site='business.localhost', user='Administrator') (business.localhost||74e8af14-f3c0-412a-a087-a0da4c1e7118)
2026-05-16 16:50:24,729 Successfully completed frappe.utils.background_jobs.execute_job(event=None, is_async=True, job_name='frappe.model.delete_doc.delete_dynamic_links', kwargs={'doctype': 'Property Setter', 'name': 'Sales Order-scan_barcode-hidden'}, method='frappe.model.delete_doc.delete_dynamic_links', site='business.localhost', user='Administrator') job in 0:00:00.039640s on worker 7a88edaa7fe84359ad70fbfe8f1db40f
2026-05-16 16:50:24,729 workspaces-ERPnext-frappe-bench:default: Job OK (business.localhost||74e8af14-f3c0-412a-a087-a0da4c1e7118)
2026-05-16 16:50:24,729 Result is kept for 600 seconds
2026-05-16 16:50:24,736 workspaces-ERPnext-frappe-bench:default: frappe.utils.background_jobs.execute_job(event=None, is_async=True, job_name='frappe.model.delete_doc.delete_dynamic_links', kwargs={'doctype': 'Property Setter', 'name': 'Delivery Note-scan_barcode-hidden'}, method='frappe.model.delete_doc.delete_dynamic_links', site='business.localhost', user='Administrator') (business.localhost||d1bc888e-fca6-4f11-b4e1-b857851f1279)
2026-05-16 16:50:24,783 Successfully completed frappe.utils.background_jobs.execute_job(event=None, is_async=True, job_name='frappe.model.delete_doc.delete_dynamic_links', kwargs={'doctype': 'Property Setter', 'name': 'Delivery Note-scan_barcode-hidden'}, method='frappe.model.delete_doc.delete_dynamic_links', site='business.localhost', user='Administrator') job in 0:00:00.041487s on worker 7a88edaa7fe84359ad70fbfe8f1db40f
2026-05-16 16:50:24,783 workspaces-ERPnext-frappe-bench:default: Job OK (business.localhost||d1bc888e-fca6-4f11-b4e1-b857851f1279)
2026-05-16 16:50:24,783 Result is kept for 600 seconds
2026-05-16 16:50:24,791 workspaces-ERPnext-frappe-bench:default: frappe.utils.background_jobs.execute_job(event=None, is_async=True, job_name='frappe.model.delete_doc.delete_dynamic_links', kwargs={'doctype': 'Property Setter', 'name': 'Material Request-scan_barcode-hidde..., method='frappe.model.delete_doc.delete_dynamic_links', site='business.localhost', user='Administrator') (business.localhost||e45a4570-0952-4ff2-9d62-68dda15f1c0e)
2026-05-16 16:50:24,888 Successfully completed frappe.utils.background_jobs.execute_job(event=None, is_async=True, job_name='frappe.model.delete_doc.delete_dynamic_links', kwargs={'doctype': 'Property Setter', 'name': 'Material Request-scan_barcode-hidde..., method='frappe.model.delete_doc.delete_dynamic_links', site='business.localhost', user='Administrator') job in 0:00:00.076729s on worker 7a88edaa7fe84359ad70fbfe8f1db40f
2026-05-16 16:50:24,888 workspaces-ERPnext-frappe-bench:default: Job OK (business.localhost||e45a4570-0952-4ff2-9d62-68dda15f1c0e)
2026-05-16 16:50:24,888 Result is kept for 600 seconds
2026-05-16 16:50:24,894 workspaces-ERPnext-frappe-bench:default: frappe.utils.background_jobs.execute_job(event=None, is_async=True, job_name='frappe.model.delete_doc.delete_dynamic_links', kwargs={'doctype': 'Property Setter', 'name': 'Pick List-scan_barcode-hidden'}, method='frappe.model.delete_doc.delete_dynamic_links', site='business.localhost', user='Administrator') (business.localhost||f14a5b1b-5cb1-4bbc-9f62-99fccc114c11)
2026-05-16 16:50:24,944 Successfully completed frappe.utils.background_jobs.execute_job(event=None, is_async=True, job_name='frappe.model.delete_doc.delete_dynamic_links', kwargs={'doctype': 'Property Setter', 'name': 'Pick List-scan_barcode-hidden'}, method='frappe.model.delete_doc.delete_dynamic_links', site='business.localhost', user='Administrator') job in 0:00:00.044667s on worker 7a88edaa7fe84359ad70fbfe8f1db40f
2026-05-16 16:50:24,945 workspaces-ERPnext-frappe-bench:default: Job OK (business.localhost||f14a5b1b-5cb1-4bbc-9f62-99fccc114c11)
2026-05-16 16:50:24,945 Result is kept for 600 seconds
2026-05-16 16:50:24,951 workspaces-ERPnext-frappe-bench:default: frappe.utils.background_jobs.execute_job(event=None, is_async=True, job_name='frappe.model.delete_doc.delete_dynamic_links', kwargs={'doctype': 'Property Setter', 'name': 'Stock Reconciliation-scan_barcode-h..., method='frappe.model.delete_doc.delete_dynamic_links', site='business.localhost', user='Administrator') (business.localhost||ccc38f53-bb57-44d4-910e-8f0208f42efe)
2026-05-16 16:50:24,997 Successfully completed frappe.utils.background_jobs.execute_job(event=None, is_async=True, job_name='frappe.model.delete_doc.delete_dynamic_links', kwargs={'doctype': 'Property Setter', 'name': 'Stock Reconciliation-scan_barcode-h..., method='frappe.model.delete_doc.delete_dynamic_links', site='business.localhost', user='Administrator') job in 0:00:00.040215s on worker 7a88edaa7fe84359ad70fbfe8f1db40f
2026-05-16 16:50:24,997 workspaces-ERPnext-frappe-bench:default: Job OK (business.localhost||ccc38f53-bb57-44d4-910e-8f0208f42efe)
2026-05-16 16:50:24,997 Result is kept for 600 seconds
2026-05-16 16:50:25,003 workspaces-ERPnext-frappe-bench:default: frappe.utils.background_jobs.execute_job(event=None, is_async=True, job_name='frappe.model.delete_doc.delete_dynamic_links', kwargs={'doctype': 'Property Setter', 'name': 'Purchase Receipt-scan_barcode-hidde..., method='frappe.model.delete_doc.delete_dynamic_links', site='business.localhost', user='Administrator') (business.localhost||21505ffa-24b3-4eff-b493-37574dd02d5d)
2026-05-16 16:50:25,049 Successfully completed frappe.utils.background_jobs.execute_job(event=None, is_async=True, job_name='frappe.model.delete_doc.delete_dynamic_links', kwargs={'doctype': 'Property Setter', 'name': 'Purchase Receipt-scan_barcode-hidde..., method='frappe.model.delete_doc.delete_dynamic_links', site='business.localhost', user='Administrator') job in 0:00:00.040601s on worker 7a88edaa7fe84359ad70fbfe8f1db40f
2026-05-16 16:50:25,049 workspaces-ERPnext-frappe-bench:default: Job OK (business.localhost||21505ffa-24b3-4eff-b493-37574dd02d5d)
2026-05-16 16:50:25,050 Result is kept for 600 seconds
2026-05-16 16:50:25,056 workspaces-ERPnext-frappe-bench:default: frappe.utils.background_jobs.execute_job(event=None, is_async=True, job_name='frappe.model.delete_doc.delete_dynamic_links', kwargs={'doctype': 'Property Setter', 'name': 'Stock Entry-scan_barcode-hidden'}, method='frappe.model.delete_doc.delete_dynamic_links', site='business.localhost', user='Administrator') (business.localhost||ac8a5ec7-7393-4dd3-8273-97a24d4bb721)
2026-05-16 16:50:25,129 Successfully completed frappe.utils.background_jobs.execute_job(event=None, is_async=True, job_name='frappe.model.delete_doc.delete_dynamic_links', kwargs={'doctype': 'Property Setter', 'name': 'Stock Entry-scan_barcode-hidden'}, method='frappe.model.delete_doc.delete_dynamic_links', site='business.localhost', user='Administrator') job in 0:00:00.065958s on worker 7a88edaa7fe84359ad70fbfe8f1db40f
2026-05-16 16:50:25,129 workspaces-ERPnext-frappe-bench:default: Job OK (business.localhost||ac8a5ec7-7393-4dd3-8273-97a24d4bb721)
2026-05-16 16:50:25,129 Result is kept for 600 seconds
2026-05-16 17:03:55,234 Worker 7a88edaa7fe84359ad70fbfe8f1db40f: cleaning registries for queue: workspaces-ERPnext-frappe-bench:short
2026-05-16 17:03:55,251 Worker 7a88edaa7fe84359ad70fbfe8f1db40f: cleaning registries for queue: workspaces-ERPnext-frappe-bench:default
2026-05-16 17:03:55,277 Worker 7a88edaa7fe84359ad70fbfe8f1db40f: cleaning registries for queue: workspaces-ERPnext-frappe-bench:long
2026-05-16 17:17:25,422 Worker 7a88edaa7fe84359ad70fbfe8f1db40f: cleaning registries for queue: workspaces-ERPnext-frappe-bench:short
2026-05-16 17:17:25,423 Worker 7a88edaa7fe84359ad70fbfe8f1db40f: cleaning registries for queue: workspaces-ERPnext-frappe-bench:default
2026-05-16 17:17:25,425 Worker 7a88edaa7fe84359ad70fbfe8f1db40f: cleaning registries for queue: workspaces-ERPnext-frappe-bench:long
2026-05-16 17:30:55,482 Worker 7a88edaa7fe84359ad70fbfe8f1db40f: cleaning registries for queue: workspaces-ERPnext-frappe-bench:short
2026-05-16 17:30:55,484 Worker 7a88edaa7fe84359ad70fbfe8f1db40f: cleaning registries for queue: workspaces-ERPnext-frappe-bench:default
2026-05-16 17:30:55,485 Worker 7a88edaa7fe84359ad70fbfe8f1db40f: cleaning registries for queue: workspaces-ERPnext-frappe-bench:long
